,dates,opens,highs,lows,closes,volumes,market_caps,smas_10,smas_20,smas_30
0,2020-02-09,76.56000000,77.40000000,76.53000000,77.28000000,11231.09824000,11231.09824000,0.0,0.0,0.0
1,2020-02-08,74.31000000,77.94000000,71.53000000,76.56000000,647821.60398000,647821.60398000,0.0,0.0,0.0
2,2020-02-07,73.59000000,75.48000000,72.85000000,74.30000000,542489.66181000,542489.66181000,46.788,46.5225,45.8253
3,2020-02-06,72.59000000,75.08000000,70.91000000,73.60000000,715147.76142000,715147.76142000,46.748,46.375,45.7103
4,2020-02-05,68.04000000,73.47000000,67.62000000,72.59000000,646729.48877000,646729.48877000,46.709,46.255,45.6283
5,2020-02-04,69.65000000,70.50000000,66.62000000,68.07000000,487054.42541000,487054.42541000,46.747,46.152,45.5487
6,2020-02-03,69.93000000,73.00000000,68.45000000,69.65000000,689182.24855000,689182.24855000,46.769,46.059,45.466
7,2020-02-02,70.72000000,73.50000000,67.66000000,69.93000000,818385.89212000,818385.89212000,0.0,0.0,0.0
8,2020-02-01,68.02000000,73.00000000,67.62000000,70.72000000,952836.89640000,952836.89640000,0.0,0.0,0.0
9,2020-01-31,68.00000000,70.10000000,65.37000000,68.00000000,938256.78346000,938256.78346000,46.838,45.9475,45.383
10,2020-01-30,59.81000000,70.22000000,58.24000000,67.98000000,1286322.99676000,1286322.99676000,46.815,45.8805,45.3043
11,2020-01-29,60.54000000,62.56000000,59.40000000,59.80000000,570079.36355000,570079.36355000,46.708,45.758,45.2147
12,2020-01-28,58.55000000,61.61000000,57.28000000,60.52000000,720540.74548000,720540.74548000,46.607,45.619,45.1343
13,2020-01-27,56.29000000,59.65000000,55.87000000,58.55000000,504725.67707000,504725.67707000,46.435,45.481,45.086
14,2020-01-26,53.26000000,56.68000000,52.80000000,56.24000000,348355.26494000,348355.26494000,0.0,0.0,0.0
15,2020-01-25,54.41000000,54.41000000,51.90000000,53.25000000,282004.92676000,282004.92676000,0.0,0.0,0.0
16,2020-01-24,54.52000000,55.41000000,50.64000000,54.38000000,550746.21423000,550746.21423000,46.257,45.344,45.064
17,2020-01-23,58.33000000,58.40000000,52.42000000,54.52000000,464982.43026000,464982.43026000,46.002,45.1915,45.0417
18,2020-01-22,57.60000000,59.33000000,57.18000000,58.33000000,218658.95477000,218658.95477000,45.801,45.088,45.059
19,2020-01-21,57.19000000,58.09000000,55.91000000,57.57000000,216543.72376000,216543.72376000,45.557,44.9495,45.0687
20,2020-01-20,57.59000000,58.29000000,55.84000000,57.19000000,262316.67258000,262316.67258000,0.0,0.0,0.0
21,2020-01-19,59.29000000,62.55000000,55.34000000,57.60000000,530916.40859000,530916.40859000,0.0,0.0,0.0
22,2020-01-18,61.05000000,62.50000000,57.90000000,59.32000000,498603.84903000,498603.84903000,0.0,0.0,0.0
23,2020-01-17,57.56000000,63.26000000,56.72000000,61.02000000,767514.50323000,767514.50323000,45.349,44.8145,45.077
24,2020-01-16,58.17000000,58.50000000,54.50000000,57.56000000,477991.20162000,477991.20162000,45.057,44.6555,45.0817
25,2020-01-15,58.37000000,60.33000000,55.28000000,58.16000000,720369.64189000,720369.64189000,44.946,44.549,45.0923
26,2020-01-14,49.59000000,60.80000000,49.58000000,58.39000000,1232536.35364000,1232536.35364000,44.808,44.468,45.133
27,2020-01-13,51.44000000,51.60000000,48.91000000,49.60000000,382092.95573000,382092.95573000,44.631,44.398,45.1847
28,2020-01-12,49.32000000,51.75000000,48.78000000,51.43000000,533583.45808000,533583.45808000,0.0,0.0,0.0
29,2020-01-11,49.06000000,51.95000000,47.77000000,49.30000000,681984.46652000,681984.46652000,0.0,0.0,0.0
30,2020-01-10,44.75000000,49.72000000,43.71000000,49.06000000,729803.12291000,729803.12291000,44.527,44.4115,45.2373
31,2020-01-09,45.35000000,45.79000000,43.90000000,44.74000000,296221.65692000,296221.65692000,44.431,44.4675,45.281
32,2020-01-08,46.30000000,48.54000000,44.00000000,45.35000000,628050.68438000,628050.68438000,44.381,44.5615,45.3247
33,2020-01-07,45.80000000,47.03000000,44.48000000,46.30000000,493847.10532000,493847.10532000,44.375,44.688,45.3633
34,2020-01-06,43.29000000,46.08000000,43.16000000,45.80000000,384930.99090000,384930.99090000,44.342,44.8245,45.4303
35,2020-01-05,42.79000000,44.61000000,42.60000000,43.30000000,291964.84958000,291964.84958000,0.0,0.0,0.0
36,2020-01-04,42.23000000,42.90000000,41.77000000,42.78000000,248814.62818000,248814.62818000,0.0,0.0,0.0
37,2020-01-03,39.44000000,42.39000000,38.77000000,42.23000000,426771.00676000,426771.00676000,44.28,44.941,45.514
38,2020-01-02,41.58000000,41.74000000,39.17000000,39.43000000,194486.21570000,194486.21570000,44.254,45.094,45.622
39,2020-01-01,41.29000000,42.08000000,41.16000000,41.62000000,110044.87445000,110044.87445000,0.0,0.0,0.0
40,2019-12-31,42.36000000,43.05000000,41.00000000,41.30000000,201549.74137000,201549.74137000,44.152,45.1655,45.6673
41,2019-12-30,43.07000000,44.18000000,41.82000000,42.38000000,298595.46371000,298595.46371000,44.128,45.2955,45.74
42,2019-12-29,42.84000000,43.76000000,42.14000000,43.08000000,337087.76870000,337087.76870000,0.0,0.0,0.0
43,2019-12-28,40.96000000,43.76000000,40.91000000,42.83000000,284295.33296000,284295.33296000,0.0,0.0,0.0
44,2019-12-27,39.99000000,41.50000000,39.67000000,40.95000000,219242.83628000,219242.83628000,44.165,45.4615,45.8077
45,2019-12-26,40.11000000,41.73000000,39.58000000,40.01000000,198471.35190000,198471.35190000,44.296,45.5925,45.8783
46,2019-12-25,40.33000000,40.48000000,39.38000000,40.08000000,136397.58244000,136397.58244000,0.0,0.0,0.0
47,2019-12-24,40.56000000,41.13000000,39.68000000,40.34000000,211802.58489000,211802.58489000,44.504,45.706,45.9753
48,2019-12-23,41.84000000,42.67000000,40.21000000,40.56000000,288871.46721000,288871.46721000,44.742,45.7965,46.0553
49,2019-12-22,39.67000000,42.16000000,39.62000000,41.82000000,208763.30093000,208763.30093000,0.0,0.0,0.0
50,2019-12-21,40.15000000,40.22000000,39.41000000,39.67000000,91777.09640000,91777.09640000,0.0,0.0,0.0
51,2019-12-20,39.66000000,40.41000000,39.25000000,40.17000000,151508.47648000,151508.47648000,45.001,45.8575,46.1337
52,2019-12-19,40.79000000,41.10000000,39.06000000,39.65000000,240386.31479000,240386.31479000,45.307,45.9745,46.2543
53,2019-12-18,36.94000000,41.71000000,35.78000000,40.79000000,668186.50576000,668186.50576000,45.602,46.131,46.4033
54,2019-12-17,39.98000000,40.13000000,36.10000000,36.92000000,648918.38857000,648918.38857000,45.934,46.306,46.6113
55,2019-12-16,43.46000000,43.56000000,39.02000000,39.99000000,396847.07159000,396847.07159000,46.179,46.425,46.8267
56,2019-12-15,43.28000000,44.04000000,42.90000000,43.44000000,105010.15867000,105010.15867000,0.0,0.0,0.0
57,2019-12-14,44.44000000,44.67000000,43.19000000,43.25000000,121589.21791000,121589.21791000,0.0,0.0,0.0
58,2019-12-13,43.65000000,44.55000000,43.43000000,44.44000000,127935.79567000,127935.79567000,46.463,46.546,47.0953
59,2019-12-12,43.70000000,44.11000000,42.84000000,43.65000000,169652.16018000,169652.16018000,46.758,46.629,47.3423
60,2019-12-11,44.07000000,44.46000000,43.27000000,43.70000000,134280.00698000,134280.00698000,46.889,46.6695,47.5367
61,2019-12-10,44.45000000,44.67000000,43.60000000,44.09000000,151332.98482000,151332.98482000,46.908,46.711,47.715
62,2019-12-09,45.55000000,45.87000000,44.04000000,44.45000000,219794.24751000,219794.24751000,46.851,46.712,47.858
63,2019-12-08,45.14000000,46.20000000,44.81000000,45.56000000,131675.58673000,131675.58673000,0.0,0.0,0.0
64,2019-12-07,45.26000000,46.50000000,44.94000000,45.15000000,195130.20296000,195130.20296000,0.0,0.0,0.0
65,2019-12-06,44.78000000,45.50000000,44.05000000,45.28000000,273507.67563000,273507.67563000,46.714,46.7,48.0357
66,2019-12-05,44.64000000,45.21000000,43.70000000,44.81000000,444840.89828000,444840.89828000,46.642,46.728,48.2173
67,2019-12-04,44.76000000,46.98000000,43.69000000,44.67000000,555313.52753000,555313.52753000,46.66,46.804,48.3917
68,2019-12-03,45.44000000,46.22000000,44.26000000,44.75000000,323943.46120000,323943.46120000,46.678,46.95,48.578
69,2019-12-02,47.45000000,47.57000000,44.71000000,45.45000000,302502.05198000,302502.05198000,46.671,47.1505,48.7707
70,2019-12-01,47.21000000,48.45000000,45.50000000,47.45000000,313486.32183000,313486.32183000,0.0,0.0,0.0
71,2019-11-30,48.55000000,48.76000000,46.53000000,47.21000000,270874.56808000,270874.56808000,0.0,0.0,0.0
72,2019-11-29,46.78000000,49.33000000,46.73000000,48.54000000,301668.56643000,301668.56643000,46.629,47.4115,48.937
73,2019-11-28,47.69000000,48.00000000,46.01000000,46.79000000,267853.24107000,267853.24107000,0.0,0.0,0.0
74,2019-11-27,46.91000000,48.69000000,44.51000000,47.70000000,455880.87524000,455880.87524000,46.5,47.6345,49.0717
75,2019-11-26,45.48000000,47.57000000,45.22000000,46.91000000,310692.28241000,310692.28241000,46.45,47.8605,49.2203
76,2019-11-25,43.87000000,47.42000000,42.04000000,45.47000000,571324.21757000,571324.21757000,46.514,48.1185,49.3837
77,2019-11-24,48.11000000,48.24000000,43.45000000,43.86000000,419517.52854000,419517.52854000,0.0,0.0,0.0
78,2019-11-23,47.32000000,48.53000000,46.13000000,48.10000000,301729.20885000,301729.20885000,0.0,0.0,0.0
79,2019-11-22,50.61000000,51.55000000,43.58000000,47.32000000,924579.32624000,924579.32624000,46.573,48.3615,49.5557
80,2019-11-21,54.99000000,55.29000000,48.51000000,50.61000000,442743.26376000,442743.26376000,46.686,48.6965,49.7277
81,2019-11-20,55.13000000,56.16000000,54.61000000,54.98000000,224543.37210000,224543.37210000,46.814,49.005,49.877
82,2019-11-19,55.80000000,56.23000000,54.20000000,55.13000000,245040.39116000,245040.39116000,46.948,49.2575,50.0207
83,2019-11-18,59.21000000,59.30000000,54.00000000,55.81000000,297441.77936000,297441.77936000,47.222,49.528,50.1533
84,2019-11-17,58.29000000,59.97000000,57.55000000,59.22000000,190026.97121000,190026.97121000,0.0,0.0,0.0
85,2019-11-16,57.61000000,58.98000000,57.14000000,58.30000000,135649.07460000,135649.07460000,0.0,0.0,0.0
86,2019-11-15,59.00000000,60.75000000,56.20000000,57.60000000,333621.34492000,333621.34492000,47.63,49.8205,50.3073
87,2019-11-14,60.96000000,61.10000000,58.25000000,59.00000000,289462.24048000,289462.24048000,48.194,50.091,50.4567
88,2019-11-13,61.45000000,62.05000000,60.27000000,60.96000000,175581.95546000,175581.95546000,48.769,50.3575,50.6047
89,2019-11-12,61.84000000,62.25000000,59.75000000,61.42000000,299770.77160000,299770.77160000,49.271,50.6055,50.7467
90,2019-11-11,63.65000000,64.33000000,60.47000000,61.84000000,409179.59195000,409179.59195000,49.723,50.8185,50.8977
91,2019-11-10,62.04000000,66.19000000,60.80000000,63.65000000,437892.99669000,437892.99669000,0.0,0.0,0.0
92,2019-11-09,60.36000000,62.37000000,60.17000000,62.04000000,196430.96635000,196430.96635000,0.0,0.0,0.0
93,2019-11-08,61.40000000,62.49000000,58.93000000,60.38000000,347351.93739000,347351.93739000,50.15,51.047,51.068
94,2019-11-07,64.11000000,64.33000000,60.27000000,61.39000000,327504.17073000,327504.17073000,50.707,51.2485,51.22
95,2019-11-06,63.13000000,64.33000000,62.56000000,64.11000000,334742.14328000,334742.14328000,51.196,51.4085,51.3377
96,2019-11-05,61.26000000,64.15000000,60.89000000,63.12000000,527595.77833000,527595.77833000,51.567,51.557,51.4053
97,2019-11-04,58.29000000,62.40000000,57.87000000,61.29000000,410380.76551000,410380.76551000,51.834,51.619,51.4217
98,2019-11-03,58.24000000,58.75000000,57.18000000,58.29000000,141302.66308000,141302.66308000,0.0,0.0,0.0
99,2019-11-02,58.24000000,59.19000000,57.73000000,58.25000000,150647.43930000,150647.43930000,0.0,0.0,0.0
100,2019-11-01,58.29000000,58.80000000,56.68000000,58.23000000,221222.32940000,221222.32940000,52.011,51.646,51.4063
101,2019-10-31,57.90000000,59.56000000,57.01000000,58.29000000,269103.33623000,269103.33623000,51.988,51.588,51.3367
102,2019-10-30,59.76000000,61.05000000,56.88000000,57.89000000,341531.28519000,341531.28519000,51.946,51.5225,51.288
103,2019-10-29,57.70000000,60.75000000,57.65000000,59.75000000,401424.23907000,401424.23907000,51.94,51.4845,51.2807
104,2019-10-28,59.79000000,62.47000000,57.40000000,57.70000000,540004.69723000,540004.69723000,51.914,51.485,51.2327
105,2019-10-27,56.69000000,62.85000000,55.59000000,59.78000000,661079.75268000,661079.75268000,0.0,0.0,0.0
106,2019-10-26,56.94000000,63.37000000,54.14000000,56.71000000,1041416.04901000,1041416.04901000,0.0,0.0,0.0
107,2019-10-25,49.55000000,58.70000000,49.01000000,56.93000000,761473.61477000,761473.61477000,51.944,51.527,51.1857
108,2019-10-24,49.48000000,50.32000000,48.30000000,49.54000000,308330.52196000,308330.52196000,51.79,51.4765,51.092
109,2019-10-23,53.38000000,53.44000000,47.10000000,49.50000000,509593.26474000,509593.26474000,51.621,51.4085,50.9903
110,2019-10-22,54.57000000,55.09000000,52.97000000,53.39000000,159956.49835000,159956.49835000,51.547,51.3245,50.8903
111,2019-10-21,54.85000000,55.74000000,53.67000000,54.57000000,208464.19325000,208464.19325000,51.404,51.2155,50.8067
112,2019-10-20,53.72000000,55.46000000,52.58000000,54.85000000,208172.70191000,208172.70191000,0.0,0.0,0.0
113,2019-10-19,53.21000000,54.16000000,52.54000000,53.72000000,152610.00837000,152610.00837000,0.0,0.0,0.0
114,2019-10-18,54.95000000,55.01000000,52.19000000,53.21000000,213517.39011000,213517.39011000,51.281,51.104,50.725
115,2019-10-17,52.45000000,55.22000000,51.57000000,54.94000000,238776.40360000,238776.40360000,51.188,51.011,50.6577
116,2019-10-16,54.57000000,55.39000000,51.00000000,52.45000000,299556.40107000,299556.40107000,51.099,50.959,50.6
117,2019-10-15,56.83000000,57.39000000,53.40000000,54.58000000,332451.21390000,332451.21390000,51.029,50.951,50.555
118,2019-10-14,56.44000000,57.10000000,55.94000000,56.83000000,133434.14038000,133434.14038000,51.056,50.892,50.4763
119,2019-10-13,55.71000000,57.69000000,55.47000000,56.46000000,157772.38785000,157772.38785000,0.0,0.0,0.0
120,2019-10-12,55.85000000,56.50000000,55.41000000,55.70000000,101685.84465000,101685.84465000,0.0,0.0,0.0
121,2019-10-11,57.48000000,58.42000000,55.33000000,55.85000000,266818.06740000,266818.06740000,51.11,50.8065,50.4057
122,2019-10-10,59.10000000,59.33000000,57.00000000,57.47000000,215031.29392000,215031.29392000,51.163,50.743,50.3323
123,2019-10-09,56.92000000,60.06000000,56.60000000,59.12000000,344098.90670000,344098.90670000,51.196,50.675,50.2473
124,2019-10-08,57.46000000,58.45000000,56.47000000,56.94000000,184201.79637000,184201.79637000,51.102,50.562,50.162
125,2019-10-07,54.42000000,58.65000000,53.25000000,57.46000000,314689.40497000,314689.40497000,51.027,50.508,50.0887
126,2019-10-06,56.69000000,56.80000000,52.73000000,54.41000000,259829.37559000,259829.37559000,0.0,0.0,0.0
127,2019-10-05,56.30000000,57.40000000,55.57000000,56.69000000,177602.10058000,177602.10058000,0.0,0.0,0.0
128,2019-10-04,56.45000000,57.50000000,55.22000000,56.30000000,247275.45318000,247275.45318000,50.927,50.447,50.0327
129,2019-10-03,56.28000000,57.07000000,53.62000000,56.44000000,253310.60723000,253310.60723000,50.834,50.3925,49.9793
130,2019-10-02,55.59000000,56.66000000,55.13000000,56.23000000,215424.38457000,215424.38457000,50.819,50.3505,49.9233
131,2019-10-01,56.01000000,57.60000000,54.82000000,55.63000000,333581.15687000,333581.15687000,50.873,50.318,49.878
132,2019-09-30,53.84000000,56.25000000,52.46000000,55.99000000,369529.68787000,369529.68787000,50.728,50.1865,49.804
133,2019-09-29,55.38000000,55.58000000,52.13000000,53.82000000,227546.40106000,227546.40106000,0.0,0.0,0.0
134,2019-09-28,55.86000000,56.16000000,53.67000000,55.37000000,258783.39518000,258783.39518000,0.0,0.0,0.0
135,2019-09-27,55.17000000,56.61000000,52.61000000,55.86000000,390379.87374000,390379.87374000,50.503,50.0535,49.706
136,2019-09-26,57.48000000,57.56000000,50.30000000,55.19000000,630061.90746000,630061.90746000,50.323,49.917,49.5937
137,2019-09-25,54.57000000,58.34000000,52.84000000,57.43000000,781318.26507000,781318.26507000,50.154,49.773,49.4713
138,2019-09-24,66.54000000,67.42000000,54.07000000,54.57000000,987995.23380000,987995.23380000,50.022,49.692,49.392
139,2019-09-23,72.26000000,74.24000000,61.88000000,66.54000000,527501.79121000,527501.79121000,49.989,49.6195,49.2903
140,2019-09-22,73.20000000,73.22000000,71.03000000,72.23000000,219392.15857000,219392.15857000,0.0,0.0,0.0
141,2019-09-21,75.06000000,75.58000000,72.06000000,73.22000000,211641.79197000,211641.79197000,0.0,0.0,0.0
142,2019-09-20,76.56000000,77.08000000,72.78000000,75.05000000,286151.47725000,286151.47725000,49.967,49.5855,49.1893
143,2019-09-19,77.77000000,80.90000000,72.62000000,76.56000000,516227.12489000,516227.12489000,49.951,49.552,49.0777
144,2019-09-18,74.06000000,80.30000000,73.98000000,77.81000000,463500.72712000,463500.72712000,49.882,49.4755,48.9163
145,2019-09-17,72.67000000,77.59000000,72.15000000,74.04000000,331820.84685000,331820.84685000,49.763,49.3805,48.7207
146,2019-09-16,70.04000000,73.67000000,69.36000000,72.63000000,267731.58165000,267731.58165000,49.645,49.342,48.591
147,2019-09-15,70.49000000,71.28000000,69.50000000,70.04000000,123157.58776000,123157.58776000,0.0,0.0,0.0
148,2019-09-14,68.93000000,71.50000000,68.20000000,70.50000000,179064.87019000,179064.87019000,0.0,0.0,0.0
149,2019-09-13,69.18000000,69.58000000,67.36000000,68.93000000,156416.29244000,156416.29244000,49.604,49.3075,48.4803
150,2019-09-12,69.80000000,70.00000000,68.30000000,69.15000000,135570.08885000,135570.08885000,49.511,49.229,48.3617
151,2019-09-11,70.85000000,71.81000000,68.25000000,69.80000000,208744.34146000,208744.34146000,49.392,49.13,48.261
152,2019-09-10,69.86000000,73.10000000,69.77000000,70.85000000,315598.33706000,315598.33706000,49.362,49.077,48.164
153,2019-09-09,70.36000000,71.38000000,67.73000000,69.89000000,229275.26659000,229275.26659000,49.25,48.941,48.0413
154,2019-09-08,68.77000000,71.46000000,68.00000000,70.36000000,315059.92831000,315059.92831000,0.0,0.0,0.0
155,2019-09-07,64.88000000,70.57000000,64.53000000,68.77000000,305501.47722000,305501.47722000,0.0,0.0,0.0
156,2019-09-06,65.24000000,68.00000000,63.54000000,64.87000000,278618.16432000,278618.16432000,49.204,48.8005,47.917
157,2019-09-05,67.02000000,67.39000000,64.14000000,65.23000000,166569.36182000,166569.36182000,49.153,48.641,47.802
158,2019-09-04,69.00000000,69.24000000,66.40000000,67.01000000,219846.13540000,219846.13540000,49.069,48.4335,47.684
159,2019-09-03,66.92000000,71.00000000,66.47000000,69.06000000,286130.47957000,286130.47957000,48.998,48.1995,47.554
160,2019-09-02,65.85000000,68.03000000,64.80000000,66.92000000,210648.66087000,210648.66087000,0.0,0.0,0.0
161,2019-09-01,64.23000000,67.21000000,63.74000000,65.89000000,160452.85757000,160452.85757000,0.0,0.0,0.0
162,2019-08-31,64.18000000,65.39000000,62.25000000,64.24000000,148167.15877000,148167.15877000,0.0,0.0,0.0
163,2019-08-30,63.55000000,65.60000000,62.16000000,64.17000000,188503.14428000,188503.14428000,49.039,48.064,47.4807
164,2019-08-29,66.73000000,66.77000000,62.00000000,63.59000000,206167.47861000,206167.47861000,49.011,47.9185,47.4267
165,2019-08-28,72.88000000,73.14000000,65.00000000,66.73000000,295837.67734000,295837.67734000,48.947,47.787,47.368
166,2019-08-27,73.59000000,73.75000000,72.13000000,72.90000000,92746.01751000,92746.01751000,48.868,47.6955,47.3157
167,2019-08-26,72.12000000,75.46000000,72.09000000,73.54000000,186459.72505000,186459.72505000,48.792,47.565,47.2427
168,2019-08-25,73.32000000,74.93000000,70.56000000,72.10000000,143368.07877000,143368.07877000,0.0,0.0,0.0
169,2019-08-24,75.37000000,75.65000000,71.39000000,73.32000000,119841.86721000,119841.86721000,0.0,0.0,0.0
170,2019-08-23,73.38000000,75.92000000,72.10000000,75.38000000,138535.90048000,138535.90048000,48.632,47.437,47.1877
171,2019-08-22,73.18000000,74.64000000,71.00000000,73.31000000,159575.08558000,159575.08558000,48.397,47.2735,47.1163
172,2019-08-21,75.13000000,75.33000000,70.14000000,73.27000000,188740.48706000,188740.48706000,48.129,47.1265,47.0613
173,2019-08-20,77.10000000,77.30000000,73.31000000,75.14000000,130580.76909000,130580.76909000,47.798,46.9915,47.0077
174,2019-08-19,76.31000000,78.95000000,75.36000000,77.10000000,176507.93997000,176507.93997000,47.401,46.832,46.9417
175,2019-08-18,72.64000000,78.00000000,71.40000000,76.25000000,171800.85253000,171800.85253000,0.0,0.0,0.0
176,2019-08-17,74.63000000,75.35000000,71.50000000,72.65000000,131039.84431000,131039.84431000,0.0,0.0,0.0
177,2019-08-16,76.24000000,76.42000000,72.34000000,74.67000000,186709.02728000,186709.02728000,47.089,46.7015,46.852
178,2019-08-15,75.91000000,77.70000000,74.36000000,76.25000000,157703.32106000,157703.32106000,46.826,46.6345,46.77
179,2019-08-14,84.83000000,86.32000000,75.00000000,75.90000000,310895.41050000,310895.41050000,46.627,46.5785,46.704
180,2019-08-13,85.79000000,86.79000000,83.26000000,84.88000000,166783.80957000,166783.80957000,46.523,46.5395,46.6297
181,2019-08-12,89.99000000,90.04000000,85.45000000,85.79000000,147573.87933000,147573.87933000,46.338,46.468,46.5537
182,2019-08-11,85.46000000,91.57000000,85.15000000,89.93000000,196951.40228000,196951.40228000,0.0,0.0,0.0
183,2019-08-10,84.25000000,87.50000000,82.27000000,85.46000000,243663.59097000,243663.59097000,0.0,0.0,0.0
184,2019-08-09,90.08000000,90.45000000,82.64000000,84.24000000,245919.98030000,245919.98030000,46.242,46.4655,46.471
185,2019-08-08,90.59000000,92.75000000,87.72000000,90.15000000,227275.85013000,227275.85013000,46.15,46.476,46.387
186,2019-08-07,93.05000000,94.45000000,87.36000000,90.59000000,298275.75612000,298275.75612000,46.124,46.5275,46.3563
187,2019-08-06,96.56000000,99.32000000,91.00000000,92.99000000,370218.49667000,370218.49667000,46.185,46.6125,46.383
188,2019-08-05,92.68000000,106.77000000,92.68000000,96.56000000,708024.73305000,708024.73305000,46.263,46.712,46.4377
189,2019-08-04,94.15000000,94.80000000,90.11000000,92.64000000,210063.34433000,210063.34433000,0.0,0.0,0.0
190,2019-08-03,94.80000000,96.70000000,93.51000000,94.17000000,187442.26636000,187442.26636000,0.0,0.0,0.0
191,2019-08-02,98.62000000,98.77000000,92.52000000,94.76000000,284902.02673000,284902.02673000,46.314,46.7335,46.469
192,2019-08-01,98.77000000,100.59000000,95.23000000,98.64000000,256621.80027000,256621.80027000,46.443,46.742,46.4987
193,2019-07-31,90.12000000,99.95000000,89.81000000,98.76000000,280442.01907000,280442.01907000,46.53,46.7425,46.494
194,2019-07-30,90.33000000,92.71000000,88.50000000,90.15000000,166817.93325000,166817.93325000,46.556,46.683,46.4937
195,2019-07-29,90.00000000,92.26000000,87.48000000,90.33000000,233655.44074000,233655.44074000,46.598,46.6615,46.479
196,2019-07-28,88.83000000,90.90000000,83.13000000,90.00000000,201075.77208000,201075.77208000,0.0,0.0,0.0
197,2019-07-27,94.01000000,96.09000000,86.67000000,88.79000000,250915.24992000,250915.24992000,0.0,0.0,0.0
198,2019-07-26,93.23000000,94.52000000,89.83000000,94.06000000,169220.32033000,169220.32033000,46.689,46.5855,46.4513
199,2019-07-25,94.43000000,96.67000000,91.06000000,93.22000000,228403.48379000,228403.48379000,46.802,46.5055,46.4327
200,2019-07-24,90.10000000,97.45000000,86.80000000,94.50000000,355813.08830000,355813.08830000,46.931,46.4725,46.398
201,2019-07-23,95.31000000,95.35000000,88.62000000,90.15000000,264516.21574000,264516.21574000,47.04,46.482,46.3447
202,2019-07-22,99.74000000,100.91000000,91.14000000,95.31000000,318533.96014000,318533.96014000,47.161,46.525,46.3053
203,2019-07-21,100.26000000,101.41000000,96.40000000,99.70000000,247121.43139000,247121.43139000,0.0,0.0,0.0
204,2019-07-20,98.25000000,105.88000000,97.42000000,100.25000000,355926.02335000,355926.02335000,0.0,0.0,0.0
205,2019-07-19,101.15000000,101.26000000,94.73000000,98.23000000,366646.23978000,366646.23978000,47.153,46.5465,46.2553
206,2019-07-18,89.98000000,104.50000000,86.87000000,101.16000000,609872.10131000,609872.10131000,47.041,46.5265,46.1777
207,2019-07-17,79.62000000,94.65000000,71.00000000,89.95000000,611125.08258000,611125.08258000,46.955,46.476,46.0947
208,2019-07-16,90.43000000,91.91000000,76.60000000,79.61000000,483565.93207000,483565.93207000,46.81,46.4625,46.0147
209,2019-07-15,89.67000000,92.99000000,84.60000000,90.43000000,382169.24803000,382169.24803000,46.725,46.4195,45.9543
210,2019-07-14,101.06000000,101.90000000,87.58000000,89.66000000,429594.96949000,429594.96949000,0.0,0.0,0.0
211,2019-07-13,104.86000000,105.03000000,97.64000000,101.03000000,229252.96129000,229252.96129000,0.0,0.0,0.0
212,2019-07-12,103.00000000,107.02000000,100.65000000,104.86000000,204977.52431000,204977.52431000,46.482,46.3325,45.8547
213,2019-07-11,108.29000000,108.33000000,95.21000000,102.98000000,566917.40666000,566917.40666000,46.209,46.248,45.7687
214,2019-07-10,119.23000000,120.13000000,102.50000000,108.31000000,507821.30862000,507821.30862000,46.014,46.1315,45.6963
215,2019-07-09,122.92000000,124.08000000,117.64000000,119.24000000,233440.12041000,233440.12041000,45.924,45.997,45.6653
216,2019-07-08,119.48000000,125.07000000,117.77000000,122.92000000,219116.92194000,219116.92194000,45.889,45.8775,45.625
217,2019-07-07,118.28000000,120.35000000,117.00000000,119.48000000,142378.61429000,142378.61429000,0.0,0.0,0.0
218,2019-07-06,118.29000000,121.80000000,117.06000000,118.31000000,153816.69797000,153816.69797000,0.0,0.0,0.0
219,2019-07-05,119.64000000,120.99000000,116.22000000,118.35000000,223608.71264000,223608.71264000,45.94,45.8065,45.5983
220,2019-07-04,121.34000000,127.03000000,118.51000000,119.61000000,375062.74273000,375062.74273000,0.0,0.0,0.0
221,2019-07-03,118.74000000,123.15000000,116.78000000,121.36000000,365008.06750000,365008.06750000,46.012,45.746,45.5797
222,2019-07-02,123.16000000,124.00000000,112.63000000,118.77000000,469582.08700000,469582.08700000,45.997,45.6645,45.556
223,2019-07-01,123.22000000,127.03000000,113.82000000,123.17000000,612063.25919000,612063.25919000,46.115,45.617,45.5643
224,2019-06-30,133.88000000,137.44000000,120.54000000,123.25000000,808645.44775000,808645.44775000,0.0,0.0,0.0
225,2019-06-29,119.99000000,137.00000000,116.00000000,133.86000000,650966.52780000,650966.52780000,0.0,0.0,0.0
226,2019-06-28,116.02000000,122.19000000,114.49000000,120.01000000,455587.96464000,455587.96464000,46.114,45.569,45.557
227,2019-06-27,132.24000000,133.50000000,111.82000000,116.01000000,932158.03694000,932158.03694000,46.183,45.541,45.584
228,2019-06-26,136.32000000,138.50000000,127.50000000,132.25000000,659208.45477000,659208.45477000,46.287,45.5485,45.623
229,2019-06-25,135.78000000,138.63000000,129.75000000,136.33000000,343042.31826000,343042.31826000,46.249,45.5375,45.6213
230,2019-06-24,137.50000000,137.52000000,132.65000000,135.77000000,269137.08964000,269137.08964000,46.07,45.536,45.5777
231,2019-06-23,142.20000000,143.34000000,136.15000000,137.50000000,273142.66174000,273142.66174000,0.0,0.0,0.0
232,2019-06-22,138.30000000,145.90000000,136.01000000,142.26000000,670112.19411000,670112.19411000,0.0,0.0,0.0
233,2019-06-21,135.45000000,141.29000000,131.00000000,138.28000000,392390.97750000,392390.97750000,45.866,45.493,45.519
234,2019-06-20,136.41000000,136.75000000,133.00000000,135.46000000,236819.61409000,236819.61409000,45.673,45.4275,45.449
235,2019-06-19,135.25000000,139.50000000,133.50000000,136.43000000,373850.88301000,373850.88301000,45.48,45.3635,45.3973
236,2019-06-18,133.80000000,136.84000000,128.00000000,135.22000000,400995.83149000,400995.83149000,45.332,45.3355,45.3973
237,2019-06-17,136.42000000,136.82000000,131.53000000,133.80000000,302485.50097000,302485.50097000,45.119,45.289,45.3627
238,2019-06-16,137.51000000,138.20000000,133.15000000,136.45000000,392560.10493000,392560.10493000,0.0,0.0,0.0
239,2019-06-15,132.03000000,139.50000000,132.01000000,137.54000000,389908.37623000,389908.37623000,0.0,0.0,0.0
240,2019-06-14,130.55000000,133.03000000,125.22000000,132.00000000,460272.62793000,460272.62793000,45.024,45.2785,45.3427
241,2019-06-13,135.32000000,136.52000000,127.92000000,130.55000000,477007.30523000,477007.30523000,44.899,45.2845,45.321
242,2019-06-12,135.79000000,143.19000000,129.86000000,135.32000000,1015972.92864000,1015972.92864000,44.81,45.291,45.3067
243,2019-06-11,129.19000000,138.56000000,124.85000000,135.69000000,836034.97354000,836034.97354000,44.826,45.3075,45.2813
244,2019-06-10,114.66000000,130.12000000,112.54000000,129.15000000,793211.22328000,793211.22328000,45.002,45.3315,45.2873
245,2019-06-09,118.01000000,118.94000000,111.02000000,114.66000000,425246.36749000,425246.36749000,0.0,0.0,0.0
246,2019-06-08,116.74000000,119.70000000,113.50000000,118.01000000,454621.75369000,454621.75369000,0.0,0.0,0.0
247,2019-06-07,111.25000000,121.00000000,109.53000000,116.71000000,619792.48983000,619792.48983000,45.12,45.3455,45.2797
248,2019-06-06,103.61000000,112.07000000,101.00000000,111.19000000,488905.21588000,488905.21588000,45.182,45.337,45.256
249,2019-06-05,102.20000000,105.21000000,100.11000000,103.66000000,379894.44483000,379894.44483000,45.247,45.356,45.2297
250,2019-06-04,105.94000000,106.80000000,98.13000000,102.20000000,673951.14145000,673951.14145000,45.339,45.43,45.1967
251,2019-06-03,114.44000000,116.20000000,105.01000000,105.99000000,441610.78458000,441610.78458000,45.459,45.4845,45.1723
252,2019-06-02,112.34000000,116.48000000,111.25000000,114.39000000,234192.23299000,234192.23299000,0.0,0.0,0.0
253,2019-06-01,114.65000000,116.28000000,110.51000000,112.35000000,318759.84041000,318759.84041000,0.0,0.0,0.0
254,2019-05-31,107.78000000,114.93000000,104.55000000,114.60000000,487341.72799000,487341.72799000,45.533,45.502,45.129
255,2019-05-30,115.03000000,120.35000000,102.40000000,107.78000000,708618.82450000,708618.82450000,45.67,45.532,45.1487
256,2019-05-29,114.87000000,118.33000000,108.00000000,115.06000000,359489.09796000,359489.09796000,45.772,45.555,45.1993
257,2019-05-28,116.41000000,118.22000000,111.08000000,114.81000000,399902.25403000,399902.25403000,45.789,45.509,45.224
258,2019-05-27,111.03000000,121.89000000,109.94000000,116.30000000,873684.89847000,873684.89847000,0.0,0.0,0.0
259,2019-05-26,102.66000000,114.00000000,97.50000000,111.00000000,658431.91144000,658431.91144000,0.0,0.0,0.0
260,2019-05-25,100.50000000,105.07000000,98.87000000,102.66000000,519802.98950000,519802.98950000,0.0,0.0,0.0
261,2019-05-24,88.67000000,103.77000000,88.01000000,100.50000000,832985.16125000,832985.16125000,45.661,45.43,45.2197
262,2019-05-23,87.74000000,89.53000000,84.62000000,88.61000000,208332.29525000,208332.29525000,45.571,45.3595,45.227
263,2019-05-22,90.77000000,92.04000000,85.83000000,87.74000000,308520.29109000,308520.29109000,45.492,45.293,45.2193
264,2019-05-21,91.10000000,93.02000000,88.83000000,90.79000000,335538.23309000,335538.23309000,45.465,45.221,45.209
265,2019-05-20,94.55000000,94.58000000,87.11000000,91.10000000,447735.71615000,447735.71615000,45.521,45.1255,45.2183
266,2019-05-19,86.55000000,96.81000000,86.07000000,94.58000000,584649.51759000,584649.51759000,0.0,0.0,0.0
267,2019-05-18,89.76000000,90.51000000,85.11000000,86.51000000,380542.14297000,380542.14297000,0.0,0.0,0.0
268,2019-05-17,95.49000000,97.48000000,84.27000000,89.76000000,914179.22548000,914179.22548000,45.51,45.029,45.2077
269,2019-05-16,102.03000000,107.14000000,90.73000000,95.49000000,1179885.10784000,1179885.10784000,45.471,44.927,45.2013
270,2019-05-15,91.15000000,104.25000000,89.69000000,102.02000000,673429.92612000,673429.92612000,45.394,44.888,45.2043
271,2019-05-14,87.34000000,93.61000000,86.50000000,91.17000000,644139.06467000,644139.06467000,45.338,44.913,45.205
272,2019-05-13,84.71000000,92.49000000,84.10000000,87.16000000,627311.35573000,627311.35573000,45.229,44.9415,45.2107
273,2019-05-12,86.59000000,94.01000000,83.00000000,84.73000000,797262.85973000,797262.85973000,0.0,0.0,0.0
274,2019-05-11,77.12000000,95.00000000,76.85000000,86.59000000,909602.12694000,909602.12694000,0.0,0.0,0.0
275,2019-05-10,74.18000000,79.61000000,72.66000000,77.11000000,422915.92520000,422915.92520000,45.199,44.999,45.2447
276,2019-05-09,74.44000000,75.90000000,72.77000000,74.19000000,240477.43667000,240477.43667000,45.148,45.055,45.285
277,2019-05-08,74.59000000,75.50000000,72.40000000,74.44000000,206081.78548000,206081.78548000,45.094,45.083,45.3237
278,2019-05-07,74.95000000,78.75000000,73.40000000,74.61000000,357677.92795000,357677.92795000,44.977,45.081,45.337
279,2019-05-06,75.70000000,76.91000000,71.64000000,74.94000000,389445.48037000,389445.48037000,44.73,45.067,45.3093
280,2019-05-05,77.73000000,78.16000000,75.40000000,75.70000000,236821.31245000,236821.31245000,0.0,0.0,0.0
281,2019-05-04,79.26000000,82.76000000,74.54000000,77.77000000,457004.01484000,457004.01484000,0.0,0.0,0.0
282,2019-05-03,73.65000000,80.58000000,73.31000000,79.22000000,538448.40523000,538448.40523000,44.548,45.0565,45.2977
283,2019-05-02,73.35000000,74.42000000,72.73000000,73.68000000,289626.45366000,289626.45366000,44.383,45.0665,45.2737
284,2019-05-01,74.31000000,75.36000000,71.78000000,73.36000000,273831.04765000,273831.04765000,44.382,45.1095,45.2453
285,2019-04-30,67.86000000,74.74000000,67.86000000,74.32000000,354469.13538000,354469.13538000,44.488,45.1385,45.2203
286,2019-04-29,69.89000000,70.37000000,66.50000000,67.87000000,203603.18601000,203603.18601000,44.654,45.2015,45.222
287,2019-04-28,72.24000000,72.72000000,68.95000000,69.89000000,218635.58959000,218635.58959000,0.0,0.0,0.0
288,2019-04-27,73.83000000,74.01000000,71.83000000,72.23000000,102336.98217000,102336.98217000,0.0,0.0,0.0
289,2019-04-26,71.79000000,76.50000000,70.31000000,73.82000000,345014.87676000,345014.87676000,44.799,45.2675,45.2347
290,2019-04-25,72.85000000,74.43000000,70.60000000,71.78000000,307408.70386000,307408.70386000,44.962,45.3535,45.256
291,2019-04-24,73.67000000,74.69000000,69.90000000,72.85000000,466422.90922000,466422.90922000,45.072,45.4385,45.275
292,2019-04-23,76.47000000,79.29000000,73.33000000,73.70000000,408341.22655000,408341.22655000,45.185,45.517,45.2897
293,2019-04-22,76.61000000,77.63000000,74.90000000,76.51000000,285737.83886000,285737.83886000,45.404,45.599,45.2963
294,2019-04-21,81.16000000,81.85000000,72.86000000,76.65000000,405449.35652000,405449.35652000,0.0,0.0,0.0
295,2019-04-20,82.05000000,82.69000000,79.33000000,81.15000000,209481.54759000,209481.54759000,0.0,0.0,0.0
296,2019-04-19,81.67000000,83.17000000,79.48000000,82.05000000,265365.49383000,265365.49383000,0.0,0.0,0.0
297,2019-04-18,78.82000000,83.66000000,78.74000000,81.68000000,328509.77037000,328509.77037000,45.565,45.6725,45.272
298,2019-04-17,80.27000000,81.50000000,78.00000000,78.77000000,232336.81062000,232336.81062000,45.75,45.719,45.2663
299,2019-04-16,78.06000000,81.49000000,76.88000000,80.27000000,295134.17728000,295134.17728000,45.837,45.677,45.24
300,2019-04-15,83.31000000,84.41000000,75.00000000,78.07000000,437925.65449000,437925.65449000,45.789,45.5865,45.1633
301,2019-04-14,77.58000000,83.60000000,76.09000000,83.28000000,242418.41303000,242418.41303000,0.0,0.0,0.0
302,2019-04-13,78.43000000,81.02000000,75.51000000,77.62000000,276710.71090000,276710.71090000,0.0,0.0,0.0
303,2019-04-12,78.90000000,80.43000000,75.00000000,78.47000000,351092.11924000,351092.11924000,45.749,45.506,45.0687
304,2019-04-11,88.16000000,88.45000000,74.64000000,78.88000000,663804.98498000,663804.98498000,45.736,45.4525,45.0067
305,2019-04-10,86.19000000,91.10000000,85.91000000,88.16000000,315727.23676000,315727.23676000,45.745,45.403,44.9697
306,2019-04-09,88.57000000,88.71000000,82.61000000,86.17000000,317748.78519000,317748.78519000,45.805,45.3765,44.962
307,2019-04-08,91.55000000,94.00000000,85.20000000,88.57000000,439909.33843000,439909.33843000,45.849,45.342,44.9807
308,2019-04-07,92.23000000,95.44000000,88.74000000,91.55000000,404878.13429000,404878.13429000,0.0,0.0,0.0
309,2019-04-06,88.24000000,97.54000000,85.00000000,92.21000000,706789.23459000,706789.23459000,0.0,0.0,0.0
310,2019-04-05,84.71000000,89.85000000,83.65000000,88.24000000,366668.99563000,366668.99563000,45.794,45.2425,45.012
311,2019-04-04,85.02000000,89.85000000,79.85000000,84.70000000,775702.67217000,775702.67217000,45.78,45.1255,45.0293
312,2019-04-03,76.76000000,98.50000000,76.24000000,85.19000000,1514710.29313000,1514710.29313000,45.688,45.0245,45.04
313,2019-04-02,60.45000000,78.40000000,59.95000000,76.78000000,805505.16575000,805505.16575000,45.517,44.9415,45.0637
314,2019-04-01,60.47000000,60.90000000,59.62000000,60.45000000,129238.66121000,129238.66121000,45.384,44.8505,45.1157
315,2019-03-31,60.45000000,60.72000000,59.83000000,60.48000000,120015.86005000,120015.86005000,0.0,0.0,0.0
316,2019-03-30,61.41000000,61.56000000,59.59000000,60.45000000,161304.26128000,161304.26128000,0.0,0.0,0.0
317,2019-03-29,60.48000000,61.80000000,60.15000000,61.45000000,200422.34535000,200422.34535000,45.263,44.7285,45.1627
318,2019-03-28,61.43000000,61.43000000,60.15000000,60.50000000,160785.54618000,160785.54618000,45.169,44.642,45.183
319,2019-03-27,58.81000000,61.87000000,58.58000000,61.44000000,260971.73061000,260971.73061000,45.061,44.582,45.2033
320,2019-03-26,59.06000000,59.35000000,57.23000000,58.79000000,175752.00925000,175752.00925000,44.948,44.5405,45.2623
321,2019-03-25,59.81000000,60.70000000,58.20000000,59.04000000,216703.66968000,216703.66968000,44.835,44.5465,45.323
322,2019-03-24,60.88000000,60.90000000,58.84000000,59.82000000,360926.15706000,360926.15706000,0.0,0.0,0.0
323,2019-03-23,59.23000000,61.76000000,58.93000000,60.89000000,372961.54781000,372961.54781000,0.0,0.0,0.0
324,2019-03-22,58.54000000,59.60000000,58.00000000,59.26000000,184427.33587000,184427.33587000,44.691,44.621,45.3943
325,2019-03-21,60.29000000,60.64000000,56.98000000,58.54000000,164946.60535000,164946.60535000,44.471,44.654,45.4267
326,2019-03-20,59.50000000,60.74000000,56.64000000,60.27000000,285413.79340000,285413.79340000,44.361,44.716,45.505
327,2019-03-19,59.20000000,59.96000000,58.33000000,59.52000000,221995.59833000,221995.59833000,44.366,44.837,45.6073
328,2019-03-18,60.47000000,62.63000000,58.20000000,59.17000000,301146.21398000,301146.21398000,44.317,44.9815,45.6693
329,2019-03-17,61.22000000,61.32000000,59.57000000,60.47000000,174833.31913000,174833.31913000,0.0,0.0,0.0
330,2019-03-16,58.52000000,61.97000000,58.41000000,61.21000000,375314.79266000,375314.79266000,0.0,0.0,0.0
331,2019-03-15,55.94000000,59.15000000,55.94000000,58.52000000,295307.77677000,295307.77677000,44.194,45.1125,45.7643
332,2019-03-14,55.29000000,58.20000000,51.66000000,55.94000000,333686.39631000,333686.39631000,44.115,45.19,45.8223
333,2019-03-13,56.60000000,56.84000000,54.30000000,55.29000000,234206.35923000,234206.35923000,44.103,45.2745,45.851
334,2019-03-12,54.82000000,56.96000000,53.72000000,56.58000000,186798.97334000,186798.97334000,44.133,45.4195,45.8793
335,2019-03-11,56.63000000,57.37000000,54.00000000,54.82000000,319640.84363000,319640.84363000,44.258,45.567,45.8977
336,2019-03-10,57.78000000,58.04000000,55.84000000,56.59000000,198932.23727000,198932.23727000,0.0,0.0,0.0
337,2019-03-09,55.58000000,59.83000000,55.38000000,57.78000000,413625.10436000,413625.10436000,0.0,0.0,0.0
338,2019-03-08,56.73000000,57.60000000,54.30000000,55.61000000,440480.65904000,440480.65904000,44.551,45.746,45.9287
339,2019-03-07,55.37000000,59.12000000,53.77000000,56.73000000,816612.77049000,816612.77049000,44.837,45.9045,45.9597
340,2019-03-06,52.52000000,56.81000000,51.11000000,55.37000000,670227.49403000,670227.49403000,45.071,46.077,45.9753
341,2019-03-05,45.78000000,54.25000000,45.38000000,52.52000000,798938.10368000,798938.10368000,45.308,46.228,45.981
342,2019-03-04,47.87000000,48.22000000,44.57000000,45.78000000,306985.27977000,306985.27977000,45.646,46.3455,45.997
343,2019-03-03,48.51000000,49.10000000,47.18000000,47.86000000,218511.99396000,218511.99396000,0.0,0.0,0.0
344,2019-03-02,47.02000000,49.40000000,46.38000000,48.49000000,325733.94735000,325733.94735000,0.0,0.0,0.0
345,2019-03-01,45.62000000,48.95000000,45.53000000,47.05000000,336011.92294000,336011.92294000,46.031,46.5495,46.014
346,2019-02-28,45.15000000,46.70000000,44.44000000,45.61000000,258562.96779000,258562.96779000,46.265,46.676,45.975
347,2019-02-27,44.77000000,45.53000000,42.51000000,45.16000000,223940.94505000,223940.94505000,46.446,46.725,45.904
348,2019-02-26,45.40000000,45.89000000,44.06000000,44.76000000,220101.55494000,220101.55494000,46.706,46.7525,45.831
349,2019-02-25,43.74000000,46.85000000,43.00000000,45.40000000,377273.17275000,377273.17275000,46.876,46.7175,45.738
350,2019-02-24,51.39000000,53.53000000,42.37000000,43.75000000,685277.01608000,685277.01608000,0.0,0.0,0.0
351,2019-02-23,49.22000000,51.88000000,48.00000000,51.40000000,411115.33830000,411115.33830000,0.0,0.0,0.0
352,2019-02-22,48.93000000,49.97000000,48.08000000,49.19000000,265979.43489000,265979.43489000,46.941,46.6175,45.6087
353,2019-02-21,51.47000000,51.65000000,47.35000000,48.94000000,383781.90032000,383781.90032000,46.972,46.521,45.4963
354,2019-02-20,47.16000000,52.21000000,46.25000000,51.50000000,566874.12073000,566874.12073000,47.083,46.4275,45.3673
355,2019-02-19,47.81000000,49.10000000,46.56000000,47.14000000,404786.75784000,404786.75784000,47.148,46.3175,45.1963
356,2019-02-18,43.89000000,49.03000000,43.62000000,47.84000000,744029.87121000,744029.87121000,0.0,0.0,0.0
357,2019-02-17,43.34000000,45.13000000,42.60000000,43.91000000,331698.79603000,331698.79603000,0.0,0.0,0.0
358,2019-02-16,42.60000000,44.37000000,42.28000000,43.34000000,326691.70793000,326691.70793000,0.0,0.0,0.0
359,2019-02-15,41.26000000,44.60000000,41.06000000,42.58000000,389950.95213000,389950.95213000,47.045,46.1725,44.987
360,2019-02-14,41.61000000,42.45000000,40.31000000,41.26000000,285144.93739000,285144.93739000,47.068,46.0055,44.7533
361,2019-02-13,43.89000000,44.66000000,40.64000000,41.61000000,333914.84326000,333914.84326000,47.087,45.83,44.573
362,2019-02-12,42.88000000,44.57000000,41.84000000,43.89000000,326731.55801000,326731.55801000,47.004,45.633,44.412
363,2019-02-11,46.80000000,46.87000000,41.81000000,42.90000000,570398.48991000,570398.48991000,46.799,45.3935,44.2167
364,2019-02-10,44.68000000,47.59000000,42.00000000,46.79000000,667594.46229000,667594.46229000,0.0,0.0,0.0
365,2019-02-09,42.99000000,46.95000000,42.05000000,44.68000000,993529.35851000,993529.35851000,0.0,0.0,0.0
366,2019-02-08,33.23000000,44.85000000,32.75000000,42.99000000,1237384.07012000,1237384.07012000,46.559,45.169,44.019
367,2019-02-07,32.78000000,33.61000000,32.73000000,33.24000000,144528.08084000,144528.08084000,46.294,44.9425,43.7947
368,2019-02-06,34.35000000,34.50000000,32.25000000,32.79000000,312456.54201000,312456.54201000,46.07,44.7585,43.672
369,2019-02-05,34.08000000,34.54000000,33.63000000,34.34000000,214319.34235000,214319.34235000,45.772,44.5095,43.561
370,2019-02-04,33.43000000,34.50000000,33.36000000,34.09000000,206649.66902000,206649.66902000,45.487,44.2205,43.4357
371,2019-02-03,34.59000000,34.89000000,32.86000000,33.44000000,348406.73224000,348406.73224000,0.0,0.0,0.0
372,2019-02-02,32.61000000,35.01000000,32.44000000,34.59000000,268052.52354000,268052.52354000,0.0,0.0,0.0
373,2019-02-01,31.43000000,33.64000000,30.70000000,32.65000000,335544.96445000,335544.96445000,45.3,43.958,43.3497
374,2019-01-31,31.68000000,32.33000000,31.08000000,31.41000000,154708.17427000,154708.17427000,44.943,43.596,43.207
375,2019-01-30,30.80000000,31.97000000,30.47000000,31.68000000,129114.99705000,129114.99705000,44.573,43.316,43.1103
376,2019-01-29,30.94000000,31.26000000,29.91000000,30.81000000,135879.85880000,135879.85880000,44.262,43.116,43.0467
377,2019-01-28,32.22000000,32.53000000,30.00000000,30.94000000,267887.62942000,267887.62942000,43.988,42.9255,42.9887
378,2019-01-27,32.79000000,33.20000000,31.05000000,32.21000000,173697.81998000,173697.81998000,0.0,0.0,0.0
379,2019-01-26,32.68000000,33.95000000,32.57000000,32.80000000,166677.42808000,166677.42808000,0.0,0.0,0.0
380,2019-01-25,32.52000000,33.00000000,31.87000000,32.69000000,169242.53382000,169242.53382000,43.779,42.749,42.979
381,2019-01-24,31.69000000,33.10000000,30.89000000,32.51000000,138812.16216000,138812.16216000,43.591,42.545,42.9637
382,2019-01-23,31.40000000,32.18000000,31.24000000,31.69000000,123577.27232000,123577.27232000,43.447,42.473,42.974
383,2019-01-22,30.82000000,32.00000000,29.48000000,31.41000000,199887.16257000,199887.16257000,43.247,42.4555,42.9757
384,2019-01-21,30.63000000,31.22000000,30.34000000,30.82000000,110305.75866000,110305.75866000,0.0,0.0,0.0
385,2019-01-20,31.94000000,33.20000000,28.45000000,30.64000000,249450.00408000,249450.00408000,0.0,0.0,0.0
386,2019-01-19,30.78000000,32.92000000,30.77000000,32.00000000,164989.63668000,164989.63668000,0.0,0.0,0.0
387,2019-01-18,31.38000000,31.53000000,30.31000000,30.77000000,150711.34444000,150711.34444000,42.954,42.41,42.9697
388,2019-01-17,31.29000000,31.55000000,29.80000000,31.40000000,203218.00286000,203218.00286000,42.616,42.3745,43.0513
389,2019-01-16,30.74000000,31.93000000,30.47000000,31.29000000,153939.59622000,153939.59622000,42.249,42.339,43.1407
390,2019-01-15,31.72000000,32.27000000,29.95000000,30.75000000,216841.86085000,216841.86085000,42.059,42.379,43.214
391,2019-01-14,29.60000000,32.50000000,29.38000000,31.71000000,255282.35801000,255282.35801000,41.97,42.439,43.291
392,2019-01-13,31.65000000,32.63000000,29.12000000,29.59000000,229264.11927000,229264.11927000,0.0,0.0,0.0
393,2019-01-12,31.48000000,32.13000000,31.07000000,31.65000000,178476.28718000,178476.28718000,0.0,0.0,0.0
394,2019-01-11,32.81000000,33.22000000,29.68000000,31.49000000,351182.38165000,351182.38165000,41.863,42.489,43.348
395,2019-01-10,38.17000000,38.77000000,31.00000000,32.81000000,584622.45390000,584622.45390000,41.719,42.579,43.397
396,2019-01-09,38.70000000,39.72000000,38.00000000,38.17000000,312030.13021000,312030.13021000,41.499,42.65,43.475
397,2019-01-08,37.35000000,40.80000000,36.91000000,38.70000000,522510.17142000,522510.17142000,41.499,42.7375,43.535
398,2019-01-07,38.29000000,39.04000000,36.53000000,37.35000000,444975.92431000,444975.92431000,41.664,42.84,43.618
399,2019-01-06,34.33000000,39.71000000,33.89000000,38.30000000,761396.10676000,761396.10676000,0.0,0.0,0.0
400,2019-01-05,31.76000000,35.95000000,31.76000000,34.33000000,335581.55848000,335581.55848000,0.0,0.0,0.0
401,2019-01-04,31.41000000,32.53000000,30.78000000,31.76000000,108636.82193000,108636.82193000,41.866,42.9775,43.73
402,2019-01-03,32.68000000,32.80000000,30.62000000,31.39000000,94129.85114000,94129.85114000,42.133,43.269,43.8527
403,2019-01-02,31.47000000,33.29000000,31.07000000,32.67000000,118306.23317000,118306.23317000,42.429,43.5865,43.971
404,2019-01-01,29.92000000,31.80000000,29.56000000,31.48000000,103182.73765000,103182.73765000,0.0,0.0,0.0
405,2018-12-31,31.38000000,31.43000000,29.42000000,29.90000000,97446.11241000,97446.11241000,42.699,43.7915,44.081
406,2018-12-30,30.28000000,32.00000000,29.68000000,31.38000000,151572.93045000,151572.93045000,0.0,0.0,0.0
407,2018-12-29,31.78000000,32.81000000,29.91000000,30.28000000,222196.85698000,222196.85698000,0.0,0.0,0.0
408,2018-12-28,27.55000000,33.08000000,27.39000000,31.80000000,242123.89750000,242123.89750000,42.908,43.9515,44.2
409,2018-12-27,30.27000000,30.89000000,27.17000000,27.55000000,157817.22611000,157817.22611000,43.115,44.0905,44.3377
410,2018-12-26,30.50000000,31.68000000,28.79000000,30.30000000,174048.04136000,174048.04136000,43.439,44.236,44.4707
411,2018-12-25,32.69000000,32.93000000,29.19000000,30.50000000,248993.55556000,248993.55556000,0.0,0.0,0.0
412,2018-12-24,32.98000000,36.12000000,32.17000000,32.68000000,305504.74498000,305504.74498000,43.801,44.463,44.6443
413,2018-12-23,31.29000000,33.84000000,31.09000000,32.97000000,255561.72891000,255561.72891000,0.0,0.0,0.0
414,2018-12-22,30.29000000,31.49000000,29.70000000,31.33000000,106033.33577000,106033.33577000,0.0,0.0,0.0
415,2018-12-21,32.18000000,32.87000000,29.55000000,30.29000000,222927.66345000,222927.66345000,43.976,44.553,44.731
416,2018-12-20,28.83000000,32.76000000,28.52000000,32.18000000,347428.50187000,347428.50187000,44.016,44.595,44.796
417,2018-12-19,29.89000000,31.55000000,28.51000000,28.83000000,464104.88134000,464104.88134000,44.089,44.662,44.7557
418,2018-12-18,28.97000000,30.15000000,27.39000000,29.89000000,241540.21994000,241540.21994000,44.405,44.7125,44.709
419,2018-12-17,25.51000000,30.30000000,25.43000000,28.95000000,415677.55009000,415677.55009000,44.744,44.742,44.7123
420,2018-12-16,23.59000000,26.96000000,23.48000000,25.52000000,284638.36643000,284638.36643000,0.0,0.0,0.0
421,2018-12-15,23.33000000,24.06000000,23.09000000,23.60000000,114346.73652000,114346.73652000,0.0,0.0,0.0
422,2018-12-14,23.06000000,23.76000000,22.50000000,23.34000000,115451.19357000,115451.19357000,44.884,44.772,44.6733
423,2018-12-13,24.13000000,24.29000000,22.91000000,23.08000000,101343.24553000,101343.24553000,44.995,44.846,44.6657
424,2018-12-12,23.40000000,24.98000000,23.20000000,24.13000000,116697.01621000,116697.01621000,45.066,44.949,44.6467
425,2018-12-11,24.15000000,24.63000000,22.94000000,23.41000000,116912.31068000,116912.31068000,45.033,44.9865,44.5917
426,2018-12-10,25.37000000,25.82000000,23.67000000,24.14000000,159523.33390000,159523.33390000,45.125,45.066,44.5733
427,2018-12-09,24.23000000,26.75000000,24.20000000,25.37000000,185392.27774000,185392.27774000,0.0,0.0,0.0
428,2018-12-08,24.88000000,26.63000000,22.89000000,24.22000000,272026.24012000,272026.24012000,0.0,0.0,0.0
429,2018-12-07,26.74000000,26.94000000,22.32000000,24.91000000,344334.77132000,344334.77132000,45.13,45.1085,44.5377
430,2018-12-06,29.28000000,30.49000000,26.25000000,26.78000000,186020.52870000,186020.52870000,45.174,45.186,44.505
431,2018-12-05,31.14000000,31.40000000,29.15000000,29.27000000,122536.95919000,122536.95919000,0.0,0.0,0.0
432,2018-12-04,30.92000000,32.25000000,29.87000000,31.13000000,125624.10065000,125624.10065000,45.235,45.089,44.456
433,2018-12-03,33.81000000,33.97000000,30.08000000,30.90000000,160953.47619000,160953.47619000,45.02,44.861,44.343
434,2018-12-02,34.11000000,35.24000000,33.21000000,33.82000000,126562.51308000,126562.51308000,0.0,0.0,0.0
435,2018-12-01,32.19000000,35.10000000,31.38000000,34.17000000,130601.17527000,130601.17527000,0.0,0.0,0.0
436,2018-11-30,33.90000000,34.53000000,31.07000000,32.21000000,182324.55561000,182324.55561000,44.74,44.6965,44.242
437,2018-11-29,34.74000000,36.00000000,33.08000000,33.88000000,206424.03941000,206424.03941000,44.66,44.568,44.186
438,2018-11-28,31.62000000,36.51000000,31.39000000,34.74000000,261988.56211000,261988.56211000,44.697,44.501,44.135
439,2018-11-27,30.18000000,32.16000000,29.05000000,31.61000000,194024.53090000,194024.53090000,44.832,44.437,44.058
440,2018-11-26,31.51000000,32.88000000,28.66000000,30.18000000,346086.77239000,346086.77239000,44.94,44.371,43.976
441,2018-11-25,29.72000000,32.93000000,27.70000000,31.49000000,330712.41278000,330712.41278000,0.0,0.0,0.0
442,2018-11-24,32.74000000,34.30000000,29.07000000,29.73000000,175080.65021000,175080.65021000,0.0,0.0,0.0
443,2018-11-23,32.09000000,33.81000000,31.10000000,32.74000000,178263.37599000,178263.37599000,45.007,44.2975,43.918
444,2018-11-22,35.17000000,35.68000000,31.84000000,32.11000000,140470.92969000,140470.92969000,0.0,0.0,0.0
445,2018-11-21,33.71000000,35.38000000,32.17000000,35.15000000,307689.28614000,307689.28614000,45.087,44.2415,43.917
446,2018-11-20,37.11000000,38.80000000,31.47000000,33.80000000,481972.20552000,481972.20552000,45.198,44.1705,43.8977
447,2018-11-19,42.63000000,42.65000000,35.94000000,37.07000000,266627.81810000,266627.81810000,44.943,44.0665,43.8553
448,2018-11-18,42.46000000,43.84000000,42.11000000,42.61000000,69727.51818000,69727.51818000,0.0,0.0,0.0
449,2018-11-17,42.89000000,42.94000000,41.92000000,42.43000000,64923.26975000,64923.26975000,0.0,0.0,0.0
450,2018-11-16,44.78000000,44.95000000,42.38000000,42.89000000,126959.93430000,126959.93430000,44.702,44.0045,43.796
451,2018-11-15,45.05000000,45.80000000,40.40000000,44.78000000,239147.14363000,239147.14363000,44.653,43.993,43.7523
452,2018-11-14,50.41000000,51.08000000,42.00000000,45.05000000,307943.67228000,307943.67228000,44.476,43.949,43.6773
453,2018-11-13,51.26000000,51.66000000,49.60000000,50.43000000,63966.88343000,63966.88343000,44.305,43.854,43.5997
454,2018-11-12,51.50000000,52.04000000,50.59000000,51.26000000,60038.96458000,60038.96458000,44.042,43.671,43.515
455,2018-11-11,52.47000000,52.57000000,49.79000000,51.46000000,66550.49463000,66550.49463000,0.0,0.0,0.0
456,2018-11-10,52.28000000,53.08000000,51.97000000,52.48000000,37947.99062000,37947.99062000,0.0,0.0,0.0
457,2018-11-09,52.70000000,53.15000000,51.62000000,52.25000000,54807.00008000,54807.00008000,43.802,43.494,43.464
458,2018-11-08,54.49000000,55.12000000,52.42000000,52.72000000,71785.25117000,71785.25117000,43.588,43.3735,43.383
459,2018-11-07,56.44000000,56.92000000,53.52000000,54.47000000,96697.10571000,96697.10571000,43.396,43.332,43.3077
460,2018-11-06,53.93000000,56.88000000,53.87000000,56.48000000,82733.19375000,82733.19375000,43.143,43.2475,43.239
461,2018-11-05,54.60000000,55.15000000,53.01000000,53.91000000,71425.68187000,71425.68187000,43.19,43.3115,43.282
462,2018-11-04,51.09000000,56.33000000,50.77000000,54.60000000,131563.21910000,131563.21910000,0.0,0.0,0.0
463,2018-11-03,51.78000000,51.81000000,50.60000000,51.04000000,44526.44126000,44526.44126000,0.0,0.0,0.0
464,2018-11-02,50.63000000,52.20000000,50.56000000,51.78000000,55439.54227000,55439.54227000,43.307,43.343,43.3493
465,2018-11-01,49.94000000,50.85000000,49.78000000,50.61000000,40743.54904000,40743.54904000,43.333,43.302,43.3877
466,2018-10-31,49.35000000,50.71000000,47.71000000,49.93000000,59069.93640000,59069.93640000,43.422,43.278,43.4317
467,2018-10-30,49.16000000,49.96000000,49.02000000,49.34000000,41869.78433000,41869.78433000,43.403,43.247,43.4683
468,2018-10-29,52.10000000,52.26000000,48.17000000,49.21000000,93056.55633000,93056.55633000,43.3,43.2515,43.5387
469,2018-10-28,52.25000000,52.66000000,51.70000000,52.07000000,35288.39702000,35288.39702000,0.0,0.0,0.0
470,2018-10-27,52.60000000,53.08000000,51.72000000,52.25000000,39585.13085000,39585.13085000,0.0,0.0,0.0
471,2018-10-26,52.81000000,53.55000000,52.23000000,52.56000000,49669.65386000,49669.65386000,43.186,43.295,43.6043
472,2018-10-25,53.12000000,53.27000000,52.52000000,52.84000000,43215.95472000,43215.95472000,43.159,43.2805,43.6657
473,2018-10-24,53.34000000,53.92000000,53.00000000,53.11000000,50279.98528000,50279.98528000,43.268,43.2635,43.7313
474,2018-10-23,53.12000000,53.97000000,52.53000000,53.33000000,56502.94760000,56502.94760000,43.352,43.287,43.8127
475,2018-10-22,53.62000000,54.16000000,52.67000000,53.12000000,113096.19471000,113096.19471000,43.433,43.328,43.901
476,2018-10-21,54.27000000,54.90000000,53.44000000,53.61000000,139868.39748000,139868.39748000,0.0,0.0,0.0
477,2018-10-20,53.68000000,54.65000000,53.28000000,54.28000000,134248.62479000,134248.62479000,0.0,0.0,0.0
478,2018-10-19,53.53000000,54.74000000,53.31000000,53.71000000,131153.05917000,131153.05917000,43.379,43.3705,43.9713
479,2018-10-18,55.31000000,55.85000000,53.00000000,53.53000000,163778.72064000,163778.72064000,43.271,43.415,44.0577
480,2018-10-17,55.54000000,55.72000000,54.32000000,55.27000000,189501.34735000,189501.34735000,43.134,43.4365,44.1303
481,2018-10-16,56.15000000,57.34000000,54.71000000,55.54000000,178767.67022000,178767.67022000,43.091,43.501,44.1913
482,2018-10-15,52.61000000,61.86000000,52.17000000,56.16000000,380967.73216000,380967.73216000,43.203,43.658,44.328
483,2018-10-14,54.06000000,54.44000000,52.11000000,52.61000000,173244.35474000,173244.35474000,0.0,0.0,0.0
484,2018-10-13,53.70000000,54.88000000,53.20000000,54.05000000,162360.69862000,162360.69862000,0.0,0.0,0.0
485,2018-10-12,51.31000000,54.26000000,50.87000000,53.74000000,204719.86413000,204719.86413000,43.404,43.8135,44.4613
486,2018-10-11,58.43000000,58.66000000,50.62000000,51.36000000,269784.69405000,269784.69405000,43.402,43.919,44.5543
487,2018-10-10,59.02000000,59.18000000,57.37000000,58.46000000,156144.05481000,156144.05481000,43.259,43.963,44.6063
488,2018-10-09,59.65000000,59.84000000,58.29000000,59.03000000,156778.85225000,156778.85225000,43.222,44.043,44.6553
489,2018-10-08,58.32000000,60.26000000,57.63000000,59.66000000,178247.28353000,178247.28353000,43.223,44.135,44.7283
490,2018-10-07,57.98000000,58.64000000,56.88000000,58.33000000,137742.58904000,137742.58904000,0.0,0.0,0.0
491,2018-10-06,58.88000000,59.17000000,56.92000000,57.96000000,146487.74108000,146487.74108000,0.0,0.0,0.0
492,2018-10-05,58.43000000,59.85000000,57.65000000,58.93000000,152016.10897000,152016.10897000,43.362,44.2675,44.816
493,2018-10-04,57.60000000,59.40000000,57.39000000,58.42000000,164171.36993000,164171.36993000,43.559,44.451,44.9207
494,2018-10-03,59.42000000,59.66000000,56.67000000,57.56000000,199293.42312000,199293.42312000,43.739,44.6285,45.0277
495,2018-10-02,60.47000000,61.80000000,59.02000000,59.46000000,190207.92017000,190207.92017000,43.911,44.7415,45.113
496,2018-10-01,61.19000000,62.09000000,59.51000000,60.45000000,189136.61486000,189136.61486000,44.113,44.8905,45.1957
497,2018-09-30,61.61000000,63.00000000,59.81000000,61.21000000,224746.26092000,224746.26092000,0.0,0.0,0.0
498,2018-09-29,61.95000000,62.34000000,58.95000000,61.61000000,206352.47293000,206352.47293000,0.0,0.0,0.0
499,2018-09-28,63.25000000,65.00000000,60.14000000,61.95000000,306042.00886000,306042.00886000,44.223,44.99,45.2367
500,2018-09-27,57.25000000,65.67000000,56.58000000,63.28000000,496070.90060000,496070.90060000,44.436,45.1305,45.2873
501,2018-09-26,57.57000000,59.85000000,56.40000000,57.18000000,226177.44005000,226177.44005000,44.667,45.28,45.3263
502,2018-09-25,58.03000000,58.16000000,54.25000000,57.61000000,279946.32153000,279946.32153000,44.864,45.372,45.325
503,2018-09-24,61.36000000,61.56000000,57.02000000,58.01000000,231626.38896000,231626.38896000,45.047,45.481,45.3123
504,2018-09-23,60.58000000,63.82000000,59.86000000,61.38000000,244808.34389000,244808.34389000,0.0,0.0,0.0
505,2018-09-22,60.82000000,61.90000000,58.00000000,60.65000000,210861.69481000,210861.69481000,0.0,0.0,0.0
506,2018-09-21,56.52000000,62.73000000,56.33000000,60.83000000,323523.44211000,323523.44211000,45.173,45.543,45.2713
507,2018-09-20,54.33000000,57.42000000,53.28000000,56.53000000,194009.04757000,194009.04757000,45.343,45.6015,45.219
508,2018-09-19,53.93000000,55.28000000,51.62000000,54.27000000,228844.25202000,228844.25202000,45.518,45.672,45.1757
509,2018-09-18,52.06000000,55.52000000,50.41000000,53.96000000,224751.43030000,224751.43030000,45.572,45.714,45.102
510,2018-09-17,56.75000000,57.85000000,51.37000000,52.07000000,256476.30399000,256476.30399000,45.668,45.737,45.002
511,2018-09-16,56.22000000,57.55000000,54.35000000,56.75000000,193175.78497000,193175.78497000,0.0,0.0,0.0
512,2018-09-15,56.21000000,58.73000000,55.61000000,56.22000000,236098.10118000,236098.10118000,0.0,0.0,0.0
513,2018-09-14,54.49000000,59.00000000,52.83000000,56.24000000,279002.97525000,279002.97525000,45.757,45.7435,44.8997
514,2018-09-13,51.69000000,55.49000000,51.66000000,54.44000000,232884.22924000,232884.22924000,45.825,45.713,44.791
515,2018-09-12,52.01000000,52.14000000,47.21000000,51.69000000,276375.64336000,276375.64336000,45.893,45.656,44.673
516,2018-09-11,54.34000000,54.75000000,49.74000000,52.04000000,239830.95074000,239830.95074000,45.88,45.5555,44.547
517,2018-09-10,54.79000000,56.59000000,53.03000000,54.34000000,226840.05414000,226840.05414000,45.915,45.445,44.4037
518,2018-09-09,53.09000000,56.72000000,52.20000000,54.74000000,208940.08803000,208940.08803000,0.0,0.0,0.0
519,2018-09-08,55.63000000,57.22000000,51.87000000,53.07000000,187659.63017000,187659.63017000,0.0,0.0,0.0
520,2018-09-07,57.61000000,58.53000000,55.00000000,55.66000000,193929.61889000,193929.61889000,45.913,45.3205,44.2777
521,2018-09-06,57.71000000,57.89000000,53.96000000,57.61000000,251529.33699000,251529.33699000,45.86,45.157,44.1217
522,2018-09-05,67.63000000,68.36000000,57.61000000,57.82000000,331321.57394000,331321.57394000,45.826,45.0045,43.956
523,2018-09-04,65.50000000,69.45000000,65.36000000,67.60000000,220730.47010000,220730.47010000,45.856,44.867,43.823
524,2018-09-03,66.21000000,66.55000000,64.21000000,65.44000000,162189.69577000,162189.69577000,0.0,0.0,0.0
525,2018-09-02,66.45000000,67.30000000,64.15000000,66.21000000,180336.18966000,180336.18966000,0.0,0.0,0.0
526,2018-09-01,62.04000000,67.93000000,61.97000000,66.49000000,210232.08113000,210232.08113000,0.0,0.0,0.0
527,2018-08-31,60.13000000,62.75000000,59.55000000,62.04000000,176396.73591000,176396.73591000,45.806,44.669,43.6637
528,2018-08-30,61.52000000,61.65000000,58.55000000,60.23000000,179589.13646000,179589.13646000,45.73,44.471,43.5227
529,2018-08-29,63.12000000,63.40000000,60.14000000,61.41000000,185484.94761000,185484.94761000,45.601,44.274,43.3563
530,2018-08-28,60.69000000,63.74000000,59.65000000,63.13000000,213926.35247000,213926.35247000,45.419,44.063,43.1953
531,2018-08-27,57.05000000,61.17000000,56.52000000,60.61000000,173547.49618000,173547.49618000,45.231,43.8805,43.077
532,2018-08-26,57.88000000,58.08000000,55.74000000,56.99000000,149004.51461000,149004.51461000,0.0,0.0,0.0
533,2018-08-25,57.88000000,58.38000000,56.93000000,57.89000000,141200.40986000,141200.40986000,0.0,0.0,0.0
534,2018-08-24,57.30000000,58.36000000,55.50000000,57.82000000,162850.08326000,162850.08326000,44.975,43.648,42.958
535,2018-08-23,55.15000000,57.89000000,54.80000000,57.29000000,168194.87364000,168194.87364000,44.728,43.46,42.8553
536,2018-08-22,56.43000000,59.75000000,53.82000000,55.14000000,243024.91246000,243024.91246000,44.454,43.2525,42.747
537,2018-08-21,53.39000000,56.82000000,53.21000000,56.42000000,176189.09409000,176189.09409000,44.183,43.021,42.6473
538,2018-08-20,57.79000000,58.50000000,53.18000000,53.39000000,220297.28735000,220297.28735000,43.878,42.8065,42.5497
539,2018-08-19,57.04000000,58.98000000,56.10000000,57.67000000,183235.72610000,183235.72610000,0.0,0.0,0.0
540,2018-08-18,61.79000000,62.31000000,55.12000000,57.04000000,205917.54266000,205917.54266000,0.0,0.0,0.0
541,2018-08-17,55.32000000,61.89000000,54.99000000,61.75000000,230326.37031000,230326.37031000,43.532,42.5925,42.4797
542,2018-08-16,54.32000000,57.58000000,54.06000000,55.29000000,153625.58485000,153625.58485000,43.212,42.419,42.429
543,2018-08-15,54.26000000,59.20000000,53.70000000,54.32000000,232565.44512000,232565.44512000,42.947,42.234,42.3777
544,2018-08-14,56.50000000,56.50000000,49.20000000,54.24000000,230722.82945000,230722.82945000,42.707,42.0835,42.337
545,2018-08-13,59.21000000,60.61000000,55.52000000,56.44000000,192384.17619000,192384.17619000,42.53,42.0,42.3113
546,2018-08-12,57.73000000,61.55000000,57.02000000,59.32000000,173455.18347000,173455.18347000,0.0,0.0,0.0
547,2018-08-11,59.16000000,59.98000000,55.00000000,57.60000000,195460.35141000,195460.35141000,0.0,0.0,0.0
548,2018-08-10,62.84000000,63.14000000,58.12000000,59.16000000,181493.85537000,181493.85537000,42.321,41.9495,42.3027
549,2018-08-09,62.13000000,64.94000000,60.00000000,62.89000000,179209.22762000,179209.22762000,42.192,41.919,42.2843
550,2018-08-08,67.32000000,67.49000000,60.80000000,62.13000000,185720.38797000,185720.38797000,42.051,41.8935,42.2897
551,2018-08-07,73.67000000,75.24000000,66.58000000,67.35000000,164019.46827000,164019.46827000,41.859,41.8795,42.283
552,2018-08-06,74.60000000,76.70000000,72.35000000,73.62000000,137607.07273000,137607.07273000,41.735,41.8855,42.2743
553,2018-08-05,73.06000000,74.73000000,72.23000000,74.61000000,133945.84351000,133945.84351000,0.0,0.0,0.0
554,2018-08-04,77.63000000,78.15000000,72.10000000,73.13000000,148949.16457000,148949.16457000,0.0,0.0,0.0
555,2018-08-03,76.16000000,77.84000000,74.66000000,77.70000000,141502.89870000,141502.89870000,41.653,41.9535,42.2703
556,2018-08-02,77.62000000,78.46000000,75.33000000,76.11000000,134458.49970000,134458.49970000,41.626,42.0375,42.2793
557,2018-08-01,78.91000000,79.06000000,75.78000000,77.53000000,139634.79769000,139634.79769000,41.521,42.093,42.2713
558,2018-07-31,82.16000000,82.63000000,76.02000000,78.69000000,157911.80410000,157911.80410000,41.46,42.152,42.2857
559,2018-07-30,83.89000000,84.62000000,79.76000000,82.18000000,146947.05011000,146947.05011000,41.47,42.202,42.3107
560,2018-07-29,84.10000000,85.38000000,83.22000000,83.85000000,119512.75440000,119512.75440000,0.0,0.0,0.0
561,2018-07-28,84.39000000,84.70000000,82.26000000,84.07000000,124974.46990000,124974.46990000,0.0,0.0,0.0
562,2018-07-27,83.51000000,85.12000000,81.37000000,84.39000000,158734.44422000,158734.44422000,41.578,42.2935,42.357
563,2018-07-26,86.38000000,87.90000000,82.75000000,83.37000000,151787.84520000,151787.84520000,41.646,42.3305,42.357
564,2018-07-25,89.02000000,90.75000000,84.81000000,86.38000000,164176.79921000,164176.79921000,41.736,42.409,42.382
565,2018-07-24,81.43000000,89.79000000,80.79000000,89.12000000,207891.17573000,207891.17573000,41.9,42.495,42.4047
566,2018-07-23,82.20000000,85.96000000,81.10000000,81.38000000,143669.03549000,143669.03549000,42.036,42.544,42.4077
567,2018-07-22,83.42000000,84.20000000,81.78000000,82.21000000,137457.81650000,137457.81650000,0.0,0.0,0.0
568,2018-07-21,81.84000000,84.93000000,79.50000000,83.44000000,134142.44869000,134142.44869000,0.0,0.0,0.0
569,2018-07-20,86.10000000,86.69000000,80.72000000,81.87000000,172067.63126000,172067.63126000,42.254,42.579,42.4027
570,2018-07-19,86.26000000,89.00000000,84.80000000,86.00000000,154334.95177000,154334.95177000,42.449,42.606,42.391
571,2018-07-18,88.99000000,94.41000000,84.20000000,86.21000000,207474.92801000,207474.92801000,42.665,42.6465,42.395
572,2018-07-17,83.65000000,90.00000000,81.30000000,89.06000000,204689.47756000,204689.47756000,42.844,42.6985,42.4193
573,2018-07-16,78.54000000,84.28000000,77.60000000,83.49000000,182917.22074000,182917.22074000,42.934,42.731,42.4123
574,2018-07-15,76.19000000,79.50000000,75.10000000,78.54000000,149955.80081000,149955.80081000,0.0,0.0,0.0
575,2018-07-14,76.52000000,77.50000000,75.37000000,76.18000000,142798.45441000,142798.45441000,0.0,0.0,0.0
576,2018-07-13,76.82000000,78.60000000,74.96000000,76.53000000,167655.26932000,167655.26932000,43.009,42.7465,42.3807
577,2018-07-12,78.18000000,78.25000000,74.00000000,76.79000000,181966.74235000,181966.74235000,43.015,42.7125,42.3393
578,2018-07-11,75.79000000,80.98000000,75.31000000,78.18000000,192182.00671000,192182.00671000,43.082,42.705,42.2827
579,2018-07-10,80.58000000,80.62000000,74.25000000,75.81000000,211707.97169000,211707.97169000,43.09,42.657,42.2007
580,2018-07-09,82.26000000,83.12000000,79.80000000,80.46000000,164942.79095000,164942.79095000,43.052,42.5935,42.1063
581,2018-07-08,84.88000000,85.70000000,81.81000000,82.22000000,151162.89899000,151162.89899000,0.0,0.0,0.0
582,2018-07-07,83.10000000,85.35000000,79.40000000,84.79000000,161497.86946000,161497.86946000,0.0,0.0,0.0
583,2018-07-06,83.26000000,84.23000000,80.67000000,83.10000000,156241.98721000,156241.98721000,42.904,42.477,41.966
584,2018-07-05,85.23000000,87.11000000,81.77000000,83.33000000,170561.63319000,170561.63319000,42.763,42.362,41.792
585,2018-07-04,84.87000000,89.01000000,83.98000000,85.28000000,119209.87857000,119209.87857000,0.0,0.0,0.0
586,2018-07-03,85.36000000,90.00000000,83.64000000,85.09000000,192538.98749000,192538.98749000,42.628,42.26,41.6553
587,2018-07-02,79.96000000,87.06000000,78.11000000,85.36000000,171028.13169000,171028.13169000,42.553,42.207,41.5257
588,2018-07-01,81.34000000,81.83000000,77.73000000,79.95000000,145195.40481000,145195.40481000,0.0,0.0,0.0
589,2018-06-30,78.94000000,84.59000000,78.84000000,81.33000000,170407.29923000,170407.29923000,0.0,0.0,0.0
590,2018-06-29,74.24000000,80.79000000,72.15000000,78.94000000,182184.86448000,182184.86448000,42.528,42.1515,41.4087
591,2018-06-28,80.71000000,81.43000000,73.89000000,74.05000000,179829.06566000,179829.06566000,42.484,42.0665,41.286
592,2018-06-27,75.63000000,81.75000000,74.87000000,80.60000000,139175.33409000,139175.33409000,42.41,42.0015,41.1663
593,2018-06-26,81.48000000,81.99000000,75.00000000,75.54000000,118123.18034000,118123.18034000,42.328,41.883,41.0347
594,2018-06-25,80.46000000,84.38000000,78.55000000,81.48000000,164736.37327000,164736.37327000,42.224,41.756,40.9233
595,2018-06-24,82.76000000,83.63000000,73.22000000,80.37000000,250304.81918000,250304.81918000,0.0,0.0,0.0
596,2018-06-23,84.75000000,86.77000000,81.31000000,82.73000000,165849.75562000,165849.75562000,0.0,0.0,0.0
597,2018-06-22,96.74000000,96.87000000,80.02000000,84.80000000,232108.91398000,232108.91398000,42.135,41.6335,40.815
598,2018-06-21,97.72000000,99.30000000,96.00000000,96.72000000,137564.82500000,137564.82500000,42.05,41.497,40.6763
599,2018-06-20,98.67000000,99.13000000,95.21000000,97.72000000,141985.64173000,141985.64173000,41.961,41.3065,40.5097
600,2018-06-19,98.79000000,120.00000000,96.91000000,98.67000000,130065.51125000,130065.51125000,41.892,41.169,40.361
601,2018-06-18,94.95000000,99.88000000,92.89000000,98.70000000,161804.46253000,161804.46253000,41.861,41.012,40.193
602,2018-06-17,96.65000000,98.20000000,94.51000000,94.95000000,119733.09263000,119733.09263000,0.0,0.0,0.0
603,2018-06-16,95.50000000,97.58000000,92.68000000,96.66000000,130013.99526000,130013.99526000,0.0,0.0,0.0
604,2018-06-15,100.89000000,100.98000000,94.49000000,95.50000000,155895.24619000,155895.24619000,41.775,40.849,40.0017
605,2018-06-14,93.40000000,102.87000000,91.65000000,100.88000000,177889.85806000,177889.85806000,41.649,40.687,39.8043
606,2018-06-13,99.68000000,100.45000000,86.71000000,93.37000000,168148.05693000,168148.05693000,41.593,40.5445,39.6353
607,2018-06-12,107.20000000,107.86000000,94.05000000,99.68000000,73444.59887000,73444.59887000,41.438,40.388,39.4307
608,2018-06-11,106.50000000,108.42000000,102.70000000,107.20000000,56836.22735000,56836.22735000,41.288,40.273,39.251
609,2018-06-10,117.25000000,117.47000000,102.75000000,106.48000000,88683.19352000,88683.19352000,0.0,0.0,0.0
610,2018-06-09,119.90000000,120.93000000,116.70000000,117.40000000,17060.66336000,17060.66336000,0.0,0.0,0.0
611,2018-06-08,121.56000000,122.18000000,118.04000000,119.68000000,28982.19754000,28982.19754000,41.132,40.155,39.0433
612,2018-06-07,121.63000000,123.84000000,119.40000000,121.54000000,39573.29608000,39573.29608000,40.944,39.9895,38.8257
613,2018-06-06,122.20000000,122.94000000,118.00000000,121.61000000,36817.66091000,36817.66091000,40.652,39.784,38.611
614,2018-06-05,119.77000000,122.60000000,115.77000000,122.18000000,48879.62750000,48879.62750000,40.446,39.5955,38.401
615,2018-06-04,125.07000000,127.01000000,118.00000000,119.77000000,59686.24550000,59686.24550000,40.163,39.359,38.1757
616,2018-06-03,123.44000000,127.98000000,122.23000000,125.33000000,52884.48398000,52884.48398000,0.0,0.0,0.0
617,2018-06-02,120.19000000,124.50000000,118.66000000,123.44000000,45059.33298000,45059.33298000,0.0,0.0,0.0
618,2018-06-01,118.25000000,120.40000000,116.62000000,120.19000000,51605.41534000,51605.41534000,39.923,39.115,37.9933
619,2018-05-31,117.18000000,121.01000000,116.04000000,118.25000000,55831.28616000,55831.28616000,39.725,38.882,37.849
620,2018-05-30,119.52000000,122.73000000,114.69000000,117.18000000,47541.06432000,47541.06432000,39.496,38.6565,37.721
621,2018-05-29,110.66000000,122.71000000,109.41000000,119.28000000,70835.89135000,70835.89135000,39.338,38.427,37.593
622,2018-05-28,117.72000000,118.97000000,110.00000000,110.82000000,75142.06687000,75142.06687000,0.0,0.0,0.0
623,2018-05-27,118.35000000,119.00000000,116.58000000,117.71000000,119072.15578000,119072.15578000,0.0,0.0,0.0
624,2018-05-26,118.78000000,122.46000000,117.18000000,118.45000000,121594.26960000,121594.26960000,0.0,0.0,0.0
625,2018-05-25,122.65000000,124.58000000,116.63000000,118.87000000,98242.40331000,98242.40331000,39.258,38.2325,37.474
626,2018-05-24,118.29000000,124.85000000,114.70000000,122.58000000,79220.48706000,79220.48706000,39.178,37.999,37.3527
627,2018-05-23,127.90000000,129.35000000,115.83000000,118.37000000,107080.51483000,107080.51483000,39.035,37.7665,37.27
628,2018-05-22,134.25000000,136.25000000,127.31000000,127.89000000,41745.53907000,41745.53907000,38.916,37.5905,37.221
629,2018-05-21,139.63000000,140.25000000,133.43000000,134.25000000,43516.21890000,43516.21890000,38.745,37.3785,37.1623
630,2018-05-20,134.89000000,141.00000000,132.50000000,139.64000000,47003.82267000,47003.82267000,0.0,0.0,0.0
631,2018-05-19,135.95000000,137.77000000,132.60000000,134.95000000,37830.56861000,37830.56861000,0.0,0.0,0.0
632,2018-05-18,132.07000000,137.49000000,128.00000000,135.95000000,66556.79304000,66556.79304000,38.555,37.182,37.11
633,2018-05-17,138.91000000,141.50000000,131.00000000,132.31000000,58209.58480000,58209.58480000,38.307,37.0285,37.052
634,2018-05-16,139.34000000,140.86000000,133.50000000,138.92000000,70852.18798000,70852.18798000,38.039,36.911,37.012
635,2018-05-15,147.10000000,149.67000000,136.91000000,139.35000000,105112.90271000,105112.90271000,37.817,36.8335,36.9567
636,2018-05-14,144.19000000,152.95000000,134.19000000,147.42000000,171489.17098000,171489.17098000,37.516,36.7205,36.8943
637,2018-05-13,141.43000000,146.89000000,136.10000000,144.24000000,89476.86723000,89476.86723000,0.0,0.0,0.0
638,2018-05-12,136.32000000,144.47000000,130.32000000,141.57000000,91975.31387000,91975.31387000,0.0,0.0,0.0
639,2018-05-11,148.11000000,148.50000000,132.97000000,136.32000000,147425.60375000,147425.60375000,37.207,36.582,36.8507
640,2018-05-10,156.75000000,160.90000000,147.22000000,148.16000000,87015.41914000,87015.41914000,36.82,36.44,36.815
641,2018-05-09,159.00000000,160.32000000,150.00000000,156.72000000,96837.57036000,96837.57036000,36.498,36.3875,36.779
642,2018-05-08,164.52000000,168.66000000,155.05000000,158.89000000,113315.93625000,113315.93625000,36.265,36.3735,36.7613
643,2018-05-07,172.10000000,172.81000000,157.30000000,164.59000000,170523.83579000,170523.83579000,36.012,36.371,36.7327
644,2018-05-06,178.86000000,184.98000000,164.80000000,172.32000000,198191.57381000,198191.57381000,0.0,0.0,0.0
645,2018-05-05,169.20000000,184.67000000,168.13000000,179.04000000,226947.81755000,226947.81755000,0.0,0.0,0.0
646,2018-05-04,161.17000000,172.10000000,157.10000000,169.44000000,175174.34128000,175174.34128000,35.809,36.3875,36.747
647,2018-05-03,151.58000000,165.04000000,150.00000000,161.38000000,190732.67746000,190732.67746000,35.75,36.4245,36.7637
648,2018-05-02,148.28000000,153.76000000,146.21000000,151.58000000,76486.25106000,76486.25106000,35.783,36.4985,36.8077
649,2018-05-01,148.36000000,148.89000000,142.44000000,148.29000000,88367.51511000,88367.51511000,35.85,36.5265,36.8737
650,2018-04-30,153.51000000,154.90000000,147.00000000,148.37000000,92445.57179000,92445.57179000,35.925,36.5835,36.9713
651,2018-04-29,151.89000000,156.87000000,148.00000000,153.50000000,93443.53020000,93443.53020000,0.0,0.0,0.0
652,2018-04-28,145.66000000,153.74000000,144.49000000,152.10000000,80642.67696000,80642.67696000,0.0,0.0,0.0
653,2018-04-27,153.19000000,153.80000000,144.44000000,144.90000000,95174.33853000,95174.33853000,35.957,36.6725,37.0567
654,2018-04-26,144.74000000,154.84000000,142.00000000,153.19000000,98478.86456000,98478.86456000,36.06,36.8125,37.182
655,2018-04-25,164.23000000,164.79000000,141.85000000,144.75000000,192757.19523000,192757.19523000,36.277,36.9195,37.3213
656,2018-04-24,152.57000000,166.29000000,152.44000000,164.78000000,172718.06809000,172718.06809000,36.482,37.0095,37.48
657,2018-04-23,146.38000000,153.67000000,145.80000000,152.56000000,73891.75771000,73891.75771000,36.73,37.093,37.6277
658,2018-04-22,148.38000000,153.14000000,144.26000000,146.38000000,84286.79520000,84286.79520000,0.0,0.0,0.0
659,2018-04-21,155.50000000,156.94000000,139.80000000,148.40000000,150940.43752000,150940.43752000,0.0,0.0,0.0
660,2018-04-20,146.50000000,156.49000000,142.62000000,155.71000000,139102.83366000,139102.83366000,36.966,37.216,37.7607
661,2018-04-19,140.36000000,147.48000000,138.51000000,146.71000000,97431.94319000,97431.94319000,37.099,37.2705,37.8583
662,2018-04-18,132.10000000,141.43000000,131.50000000,140.36000000,100942.78845000,100942.78845000,37.214,37.32,37.9007
663,2018-04-17,128.76000000,140.50000000,128.73000000,132.09000000,165601.88021000,165601.88021000,37.203,37.3855,37.9267
664,2018-04-16,132.45000000,133.49000000,124.88000000,128.96000000,86544.75050000,86544.75050000,37.242,37.4945,37.9567
665,2018-04-15,126.40000000,132.99000000,126.40000000,132.45000000,61105.32594000,61105.32594000,0.0,0.0,0.0
666,2018-04-14,125.28000000,129.71000000,124.00000000,126.40000000,77108.42942000,77108.42942000,0.0,0.0,0.0
667,2018-04-13,129.62000000,133.98000000,123.55000000,125.10000000,187842.62140000,187842.62140000,37.388,37.6065,37.9807
668,2018-04-12,118.40000000,130.90000000,112.92000000,129.67000000,232191.22828000,232191.22828000,37.565,37.743,38.0003
669,2018-04-11,114.25000000,119.59000000,112.92000000,118.40000000,62636.41007000,62636.41007000,37.562,37.8435,38.0207
670,2018-04-10,114.62000000,115.26000000,111.25000000,114.25000000,54554.53212000,54554.53212000,37.537,37.979,38.0673
671,2018-04-09,117.80000000,122.99000000,112.48000000,114.79000000,98639.79044000,98639.79044000,37.456,38.0765,38.106
672,2018-04-08,115.80000000,118.49000000,115.34000000,117.55000000,42540.37579000,42540.37579000,0.0,0.0,0.0
673,2018-04-07,112.70000000,119.72000000,112.19000000,115.80000000,73178.28817000,73178.28817000,0.0,0.0,0.0
674,2018-04-06,118.41000000,120.15000000,111.31000000,112.79000000,83137.97172000,83137.97172000,37.466,38.158,38.1173
675,2018-04-05,118.01000000,122.50000000,113.63000000,118.26000000,125611.59831000,125611.59831000,37.442,38.238,38.128
676,2018-04-04,133.82000000,134.77000000,115.20000000,118.07000000,168974.97950000,168974.97950000,37.426,38.244,38.1367
677,2018-04-03,119.03000000,137.25000000,118.00000000,134.04000000,139283.42730000,139283.42730000,37.568,38.2885,38.1637
678,2018-04-02,114.97000000,121.71000000,113.54000000,119.05000000,91168.44423000,91168.44423000,37.747,38.314,38.1743
679,2018-04-01,116.05000000,118.38000000,109.03000000,114.74000000,113209.88408000,113209.88408000,0.0,0.0,0.0
680,2018-03-31,118.10000000,124.28000000,115.26000000,116.05000000,128237.78840000,128237.78840000,0.0,0.0,0.0
681,2018-03-30,114.55000000,126.45000000,109.77000000,118.35000000,252079.14240000,252079.14240000,0.0,0.0,0.0
682,2018-03-29,131.31000000,132.60000000,112.51000000,114.70000000,187392.76989000,187392.76989000,37.825,38.277,38.155
683,2018-03-28,135.00000000,139.75000000,130.10000000,131.22000000,83839.85944000,83839.85944000,37.921,38.218,38.1387
684,2018-03-27,147.71000000,149.34000000,134.40000000,135.00000000,103463.38910000,103463.38910000,38.125,38.25,38.1557
685,2018-03-26,160.00000000,161.06000000,141.56000000,147.83000000,99508.29226000,99508.29226000,38.421,38.3325,38.2147
686,2018-03-25,158.81000000,162.89000000,156.75000000,160.01000000,46203.18669000,46203.18669000,0.0,0.0,0.0
687,2018-03-24,168.97000000,169.74000000,157.73000000,158.92000000,73773.75243000,73773.75243000,0.0,0.0,0.0
688,2018-03-23,163.65000000,169.50000000,156.13000000,168.66000000,80739.90111000,80739.90111000,38.697,38.431,38.2523
689,2018-03-22,168.43000000,172.64000000,159.51000000,163.65000000,100604.62741000,100604.62741000,38.85,38.443,38.2767
690,2018-03-21,168.50000000,175.88000000,165.22000000,168.54000000,110902.81246000,110902.81246000,39.034,38.471,38.318
691,2018-03-20,161.18000000,174.00000000,155.41000000,168.24000000,125783.56494000,125783.56494000,39.062,38.492,38.3103
692,2018-03-19,153.59000000,163.88000000,150.66000000,161.20000000,171855.32008000,171855.32008000,39.009,38.4615,38.3413
693,2018-03-18,151.70000000,158.00000000,136.86000000,153.50000000,241693.69755000,241693.69755000,0.0,0.0,0.0
694,2018-03-17,164.12000000,165.96000000,150.20000000,151.75000000,105128.93202000,105128.93202000,0.0,0.0,0.0
695,2018-03-16,164.00000000,171.60000000,157.50000000,164.10000000,113818.45328000,113818.45328000,38.881,38.388,38.3573
696,2018-03-15,160.00000000,167.70000000,149.55000000,164.00000000,207428.04449000,207428.04449000,38.729,38.32,38.4257
697,2018-03-14,175.38000000,177.52000000,156.50000000,160.15000000,151320.17882000,151320.17882000,38.515,38.2475,38.4613
698,2018-03-13,177.80000000,182.90000000,170.51000000,175.01000000,115964.95615000,115964.95615000,38.375,38.171,38.5
699,2018-03-12,188.16000000,192.88000000,173.58000000,177.80000000,142835.10745000,142835.10745000,38.244,38.1115,38.5297
700,2018-03-11,176.85000000,194.00000000,169.85000000,188.16000000,197705.66569000,197705.66569000,0.0,0.0,0.0
701,2018-03-10,185.88000000,194.99000000,174.48000000,176.74000000,187043.85418000,187043.85418000,0.0,0.0,0.0
702,2018-03-09,175.06000000,190.00000000,157.68000000,185.79000000,308773.92425000,308773.92425000,38.165,38.03,38.607
703,2018-03-08,185.33000000,187.50000000,173.69000000,175.24000000,160132.53652000,160132.53652000,38.036,37.99,38.6733
704,2018-03-07,196.20000000,199.28000000,173.08000000,185.25000000,229372.21016000,229372.21016000,37.908,37.96,38.757
705,2018-03-06,210.03000000,210.49000000,191.31000000,196.24000000,130006.53725000,130006.53725000,37.922,37.9345,38.8523
706,2018-03-05,213.19000000,217.00000000,208.17000000,210.14000000,71680.40092000,71680.40092000,37.914,38.0075,38.9397
707,2018-03-04,210.00000000,215.34000000,204.50000000,213.19000000,67079.93530000,67079.93530000,0.0,0.0,0.0
708,2018-03-03,212.80000000,218.39000000,208.00000000,210.04000000,120120.98049000,120120.98049000,0.0,0.0,0.0
709,2018-03-02,209.14000000,214.47000000,203.43000000,212.80000000,89853.18198000,89853.18198000,37.895,38.0955,39.0347
710,2018-03-01,201.86000000,215.00000000,200.20000000,209.17000000,121521.21293000,121521.21293000,37.911,38.274,39.1637
711,2018-02-28,214.94000000,223.71000000,201.50000000,201.86000000,185588.08799000,185588.08799000,37.98,38.4345,39.284
712,2018-02-27,218.25000000,224.36000000,211.80000000,214.60000000,248945.78729000,248945.78729000,37.967,38.5625,39.3743
713,2018-02-26,218.16000000,232.30000000,214.43000000,218.50000000,408480.12476000,408480.12476000,37.979,38.6725,39.4597
714,2018-02-25,206.69000000,223.17000000,198.94000000,217.78000000,314689.26189000,314689.26189000,0.0,0.0,0.0
715,2018-02-24,206.38000000,219.00000000,192.30000000,206.50000000,326443.09261000,326443.09261000,0.0,0.0,0.0
716,2018-02-23,192.69000000,216.28000000,182.00000000,206.40000000,427034.15419000,427034.15419000,37.895,38.828,39.5497
717,2018-02-22,209.60000000,222.00000000,188.00000000,192.61000000,396496.54890000,396496.54890000,37.944,38.992,39.679
718,2018-02-21,228.50000000,233.53000000,203.12000000,209.60000000,493443.00002000,493443.00002000,38.012,39.1815,39.8407
719,2018-02-20,221.44000000,254.80000000,221.00000000,228.51000000,534334.84146000,534334.84146000,37.947,39.3175,39.9853
720,2018-02-19,213.23000000,226.50000000,196.00000000,221.44000000,171716.19683000,171716.19683000,0.0,0.0,0.0
721,2018-02-18,228.08000000,231.39000000,210.10000000,213.66000000,302164.90588000,302164.90588000,0.0,0.0,0.0
722,2018-02-17,228.00000000,232.20000000,222.78000000,228.00000000,190064.55131000,190064.55131000,0.0,0.0,0.0
723,2018-02-16,220.64000000,235.58000000,208.56000000,228.08000000,408040.45123000,408040.45123000,38.101,39.4525,40.1413
724,2018-02-15,212.25000000,236.66000000,206.50000000,220.64000000,676400.69461000,676400.69461000,38.296,39.6045,40.3457
725,2018-02-14,159.45000000,218.60000000,158.94000000,212.25000000,734010.65110000,734010.65110000,38.637,39.79,40.555
726,2018-02-13,161.55000000,162.95000000,152.00000000,159.63000000,76565.21628000,76565.21628000,38.889,39.936,40.7543
727,2018-02-12,148.28000000,163.75000000,146.04000000,161.49000000,92515.29686000,92515.29686000,39.158,40.078,40.9413
728,2018-02-11,154.62000000,156.10000000,139.00000000,148.28000000,90638.82249000,90638.82249000,0.0,0.0,0.0
729,2018-02-10,163.74000000,169.00000000,146.01000000,154.65000000,133107.16189000,133107.16189000,0.0,0.0,0.0
730,2018-02-09,142.37000000,164.40000000,142.37000000,163.73000000,65205.08736000,65205.08736000,39.366,40.2,41.1077
731,2018-02-08,137.97000000,143.50000000,137.20000000,142.37000000,3877.47235000,3877.47235000,39.761,40.377,41.3
732,2018-02-07,140.96000000,157.00000000,130.01000000,137.21000000,178588.57054000,178588.57054000,40.04,40.5465,41.4613
733,2018-02-06,125.17000000,147.00000000,106.50000000,141.00000000,393108.74790000,393108.74790000,40.351,40.755,41.634
734,2018-02-05,147.29000000,153.96000000,116.60000000,125.17000000,299970.42074000,299970.42074000,40.688,41.0045,41.843
735,2018-02-04,160.86000000,174.75000000,138.00000000,147.09000000,300059.19271000,300059.19271000,0.0,0.0,0.0
736,2018-02-03,131.99000000,166.99000000,120.06000000,160.30000000,143242.70975000,143242.70975000,0.0,0.0,0.0
737,2018-02-02,144.04000000,147.00000000,108.52000000,131.68000000,124193.03592000,124193.03592000,40.804,41.1615,42.0213
738,2018-02-01,164.83000000,167.20000000,132.00000000,143.69000000,64818.91744000,64818.91744000,40.913,41.3705,42.246
739,2018-01-31,168.10000000,169.31000000,157.50000000,165.19000000,37253.63137000,37253.63137000,40.943,41.514,42.4557
740,2018-01-30,181.51000000,181.96000000,160.59000000,168.21000000,56599.48048000,56599.48048000,40.983,41.687,42.6667
741,2018-01-29,196.74000000,197.19000000,180.01000000,181.50000000,36900.24385000,36900.24385000,40.998,41.833,42.8515
742,2018-01-28,182.11000000,198.00000000,181.70000000,196.74000000,47275.56346000,47275.56346000,0.0,0.0,0.0
743,2018-01-27,175.73000000,184.00000000,173.00000000,182.10000000,31424.87310000,31424.87310000,0.0,0.0,0.0
744,2018-01-26,179.00000000,183.06000000,165.00000000,177.09000000,49473.65655000,49473.65655000,41.034,41.9785,43.0185
745,2018-01-25,180.83000000,186.00000000,175.58000000,179.59000000,39819.99079000,39819.99079000,40.993,42.0695,43.1432
746,2018-01-24,176.94000000,186.30000000,171.58000000,180.89000000,43298.49800000,43298.49800000,41.053,42.172,43.2815
747,2018-01-23,178.00000000,186.42000000,163.02000000,176.98000000,49510.38638000,49510.38638000,41.159,42.2755,43.4078
748,2018-01-22,190.52000000,195.00000000,163.44000000,178.00000000,60376.36050000,60376.36050000,41.321,42.4205,43.5452
749,2018-01-21,210.05000000,210.69000000,180.00000000,190.16000000,64817.00761000,64817.00761000,0.0,0.0,0.0
750,2018-01-20,191.44000000,215.00000000,190.67000000,210.40000000,59162.64755000,59162.64755000,0.0,0.0,0.0
751,2018-01-19,186.21000000,199.00000000,176.04000000,191.42000000,59369.45319000,59369.45319000,41.519,42.63,43.6965
752,2018-01-18,183.45000000,202.19000000,170.50000000,186.14000000,98372.75595000,98372.75595000,41.828,42.9125,43.8688
753,2018-01-17,179.28000000,198.89000000,136.20000000,182.44000000,155640.00921000,155640.00921000,42.085,43.212,44.0425
754,2018-01-16,229.50000000,242.00000000,135.67000000,179.28000000,150044.07322000,150044.07322000,42.391,43.5085,44.2225
755,2018-01-15,234.26000000,242.31000000,227.60000000,229.50000000,35755.94861000,35755.94861000,0.0,0.0,0.0
756,2018-01-14,257.98000000,271.64000000,222.00000000,234.12000000,62203.40257000,62203.40257000,0.0,0.0,0.0
757,2018-01-13,233.11000000,263.99000000,232.54000000,257.98000000,42811.12858000,42811.12858000,0.0,0.0,0.0
758,2018-01-12,223.76000000,240.45000000,213.01000000,233.11000000,45676.80703000,45676.80703000,42.668,43.7783,44.4202
759,2018-01-11,247.63000000,252.27000000,195.03000000,223.77000000,83842.47294000,83842.47294000,42.923,44.0108,44.6002
760,2018-01-10,244.56000000,248.99000000,225.05000000,247.63000000,70931.30085000,70931.30085000,43.146,44.2183,44.7748
761,2018-01-09,252.49000000,257.64000000,228.24000000,244.48000000,53921.90417000,53921.90417000,43.291,44.3958,44.9362
762,2018-01-08,269.01000000,271.82000000,212.74000000,252.65000000,76256.97086000,76256.97086000,43.392,44.5323,45.0555
763,2018-01-07,276.24000000,287.00000000,262.00000000,269.01000000,43811.61108000,43811.61108000,0.0,0.0,0.0
764,2018-01-06,240.95000000,315.00000000,238.73000000,275.28000000,100812.21370000,100812.21370000,0.0,0.0,0.0
765,2018-01-05,233.04000000,250.99000000,230.00000000,240.54000000,65010.14465000,65010.14465000,43.52,44.6573,45.1955
766,2018-01-04,238.89000000,240.00000000,219.38000000,233.00000000,78182.30493000,78182.30493000,43.741,44.7853,45.3165
767,2018-01-03,247.33000000,253.40000000,233.56000000,238.77000000,71369.27484000,71369.27484000,43.997,44.8893,45.4185
768,2018-01-02,222.62000000,256.49000000,222.62000000,247.33000000,63293.12934000,63293.12934000,44.339,45.0213,45.5285
769,2018-01-01,223.69000000,231.19000000,212.74000000,222.61000000,20221.25300000,20221.25300000,0.0,0.0,0.0
770,2017-12-31,206.11000000,234.37000000,202.98000000,223.69000000,29739.10081000,29739.10081000,0.0,0.0,0.0
771,2017-12-30,238.27000000,244.00000000,193.20000000,206.03000000,52930.17820000,52930.17820000,0.0,0.0,0.0
772,2017-12-29,244.68000000,261.00000000,233.97000000,238.27000000,34985.03167000,34985.03167000,44.626,45.1383,45.6422
773,2017-12-28,262.61000000,266.70000000,222.03000000,244.68000000,34832.27138000,34832.27138000,44.8885,45.2963,45.7988
774,2017-12-27,277.98000000,284.34000000,245.29000000,262.59000000,25036.78582000,25036.78582000,45.0985,45.4388,45.9538
775,2017-12-26,261.17000000,282.82000000,258.00000000,277.98000000,21987.89021000,21987.89021000,45.2905,45.5893,46.0935
776,2017-12-25,262.90000000,277.50000000,251.40000000,261.20000000,24415.69170000,24415.69170000,0.0,0.0,0.0
777,2017-12-24,253.44000000,277.00000000,220.03000000,262.90000000,33435.37202000,33435.37202000,0.0,0.0,0.0
778,2017-12-23,250.99000000,301.52000000,214.91000000,253.44000000,38709.14008000,38709.14008000,0.0,0.0,0.0
779,2017-12-22,303.00000000,315.00000000,177.58000000,250.99000000,81233.42425000,81233.42425000,45.5005,45.7588,46.2155
780,2017-12-21,303.80000000,325.16000000,267.01000000,302.00000000,26212.15830000,26212.15830000,45.6725,45.8873,46.3362
781,2017-12-20,336.05000000,357.00000000,260.00000000,302.70000000,31586.76711000,31586.76711000,45.7945,46.0333,46.4528
782,2017-12-19,352.00000000,366.96000000,303.01000000,338.48000000,23190.32542000,23190.32542000,45.8295,46.1043,46.5262
783,2017-12-18,311.23000000,360.96000000,277.00000000,352.00000000,17210.06137000,17210.06137000,45.7815,46.1293,46.5462
784,2017-12-17,293.01000000,328.80000000,290.00000000,311.40000000,14682.26118000,14682.26118000,0.0,0.0,0.0
785,2017-12-16,294.00000000,305.00000000,285.00000000,293.97000000,9102.10005000,9102.10005000,0.0,0.0,0.0
786,2017-12-15,272.40000000,314.21000000,239.99000000,294.00000000,16579.78235000,16579.78235000,45.7035,46.1233,46.5202
787,2017-12-14,290.01000000,302.72000000,252.00000000,272.40000000,9631.98382000,9631.98382000,45.6505,46.1503,46.5252
788,2017-12-13,272.00000000,330.00000000,260.00000000,290.01000000,9565.16019000,9565.16019000,45.704,46.254,46.546
