,c,h,l,o,t,v
0,11.4788,12.65,11.28,12.49,1527465600,3494258.32
1,12.1112,12.465,10.7,11.4853,1527552000,6709192.34
2,11.8968,12.82,11.6206,12.1113,1527638400,6514864.18
3,12.2353,12.74,11.8116,11.8712,1527724800,6540020.8
4,12.2048,12.3889,11.8354,12.2351,1527811200,5946136.88
5,14.6976,15.6774,12.1039,12.2143,1527897600,9812623.63
6,14.5304,15.451,14.2266,14.6976,1527984000,5800716.38
7,13.462,14.8424,13.23,14.5304,1528070400,4878116.53
8,14.1996,14.3,12.71,13.4619,1528156800,6430602.84
9,13.9072,14.3,13.3677,14.1978,1528243200,5958713.33
10,14.7207,14.7409,13.6,13.91,1528329600,6061410.77
11,13.9637,14.9,13.55,14.7205,1528416000,2727726.06
12,14.15,15.0015,13.92,13.9794,1528502400,2592900.65
13,11.7313,14.1642,10.98,14.15,1528588800,10540465.95
14,11.7719,11.93,10.61,11.7355,1528675200,8878723.1
15,10.0909,11.78,9.68,11.771,1528761600,9168694.85
16,10.037,10.47,9.12,10.0909,1528848000,10351432.78
17,11.2534,11.7899,9.462,10.0312,1528934400,10052349.0
18,10.6547,11.45,10.5107,11.2534,1529020800,5408054.38
19,10.5254,10.8667,10.16,10.6504,1529107200,6053921.05
20,10.3388,10.75,10.25,10.5254,1529193600,1627761.79
21,10.6791,10.899,10.0963,10.3388,1529280000,10669784.21
22,10.658,10.9693,10.38,10.6738,1529366400,7961229.86
23,10.412,10.7495,10.16,10.6507,1529452800,8798849.05
24,10.4099,10.83,10.2032,10.4077,1529539200,8923799.16
25,8.5198,10.432,8.246,10.4031,1529625600,11547386.83
26,8.4464,8.747,8.068,8.5133,1529712000,8165524.12
27,8.06,8.5153,6.92,8.4464,1529798400,8983446.42
28,8.3358,8.7,7.668,8.0526,1529884800,9612531.13
29,7.576,8.3999,7.5329,8.3357,1529971200,5966985.99
30,7.9942,8.26,7.3878,7.5518,1530057600,9334245.96
31,7.3675,8.087,7.2984,7.995,1530144000,8395130.15
32,7.7438,7.95,7.0804,7.364,1530230400,7661045.91
33,8.127,8.298,7.7346,7.7402,1530316800,9584422.7
34,8.1164,8.2452,7.761,8.1298,1530403200,9547404.62
35,8.9691,9.1744,7.88,8.1136,1530489600,8241723.99
36,8.8336,9.4363,8.6051,8.9665,1530576000,11219476.51
37,8.9064,9.3955,8.7092,8.8336,1530662400,6569646.07
38,8.8328,9.2219,8.6583,8.9097,1530748800,8412873.07
39,8.6303,8.8735,8.288,8.833,1530835200,4527731.38
40,8.8336,8.8931,8.3517,8.6449,1530921600,2062917.31
41,8.6827,8.9801,8.6501,8.8332,1531008000,9139546.76
42,7.7092,8.7165,7.5,8.6826,1531094400,8872131.76
43,7.1196,7.824,7.0503,7.7045,1531180800,6524620.99
44,7.1616,7.3993,6.72,7.1199,1531267200,12859537.82
45,6.9207,7.1704,6.54,7.1668,1531353600,14581793.54
46,6.8921,7.2245,6.6881,6.9208,1531440000,14260068.83
47,6.9237,7.088,6.764,6.8982,1531526400,12584240.6
48,7.4075,7.5346,6.852,6.9268,1531612800,13645106.84
49,8.0899,8.1819,7.2202,7.4026,1531699200,15310182.77
50,8.7826,8.9686,7.83,8.0845,1531785600,15072014.32
51,8.6018,9.37,8.4287,8.783,1531872000,15368313.36
52,8.4175,8.7592,8.1528,8.6015,1531958400,12014171.9
53,7.8583,8.6069,7.711,8.422,1532044800,11299468.79
54,8.0,8.2419,7.572,7.8583,1532131200,8592901.02
55,7.8488,8.27,7.71,7.9939,1532217600,7179671.84
56,7.9353,8.4144,7.7811,7.8461,1532304000,5692633.2
57,8.5871,8.6967,7.7165,7.9336,1532390400,11998912.88
58,8.532,9.1407,8.3385,8.5809,1532476800,14376822.84
59,8.3,8.86,8.19,8.5307,1532563200,13521194.47
60,8.4321,8.5352,8.0,8.298,1532649600,14149475.26
61,8.3523,8.4535,8.12,8.4296,1532736000,12344279.7
62,8.3148,8.477,8.13,8.3501,1532822400,11644873.39
63,7.7421,8.35,7.4,8.3171,1532908800,11922994.36
64,7.3317,7.7464,7.1,7.7303,1532995200,10844162.96
65,7.2176,7.3937,6.88,7.3317,1533081600,9579047.93
66,7.0072,7.3207,6.8707,7.2146,1533168000,8516504.08
67,7.1784,7.2539,6.85,7.0071,1533254400,7840361.16
68,6.9779,7.3194,6.8788,7.1785,1533340800,2585204.18
69,7.0373,7.0889,6.9029,6.9779,1533427200,9206157.48
70,7.0608,7.1602,6.9273,7.0339,1533513600,8405635.46
71,6.5689,7.19,6.501,7.0576,1533600000,9777297.88
72,5.5788,6.569,5.35,6.569,1533686400,13221551.54
73,5.7581,5.9416,5.3988,5.5788,1533772800,12850965.32
74,5.2454,5.8131,5.1606,5.7548,1533859200,13561226.17
75,4.9669,5.3293,4.8152,5.2479,1533945600,13957284.98
76,4.9653,5.1701,4.9002,4.9638,1534032000,11379903.76
77,4.5799,5.17,4.4723,4.9631,1534118400,13437268.88
78,4.5771,4.5885,4.15,4.5818,1534204800,13455331.16
79,4.6208,4.9203,4.48,4.5772,1534291200,13564051.57
80,4.521,4.8119,4.434,4.6208,1534377600,12620729.2
81,5.5834,5.6,4.4866,4.517,1534464000,16303531.19
82,5.0788,5.661,4.82,5.5901,1534550400,9205753.27
83,5.2843,5.4093,4.9374,5.0764,1534636800,4144220.91
84,4.702,5.355,4.6641,5.2854,1534723200,12405439.12
85,4.9098,4.95,4.65,4.702,1534809600,11624179.41
86,4.7144,5.332,4.5203,4.9112,1534896000,14950192.46
87,4.8961,4.9512,4.641,4.711,1534982400,11319765.31
88,5.0416,5.1084,4.771,4.8964,1535068800,12609719.58
89,5.0284,5.0706,4.9038,5.0483,1535155200,11571667.26
90,4.9497,5.048,4.8171,5.0309,1535241600,11920852.34
91,5.392,5.4351,4.9043,4.9457,1535328000,14618857.84
92,5.9165,6.03,5.27,5.3919,1535414400,15445866.35
93,6.1251,6.4802,5.7696,5.9174,1535500800,17756893.76
94,6.064,6.2799,5.7304,6.1252,1535587200,13024568.83
95,6.4025,6.5,5.9171,6.0641,1535673600,15251455.65
96,6.667,6.8116,6.3971,6.4085,1535760000,14560265.7
97,6.6366,6.6962,6.3158,6.667,1535846400,12465241.13
98,6.4649,6.719,6.3834,6.6386,1535932800,11189975.03
99,6.48,6.64,6.3327,6.4668,1536019200,12281351.21
100,5.1511,6.58,5.0952,6.48,1536105600,16739077.82
101,5.2363,5.2656,4.85,5.1498,1536192000,15053327.18
102,5.0515,5.35,4.93,5.2339,1536278400,12515313.61
103,4.745,5.1469,4.63,5.0504,1536364800,12253396.81
104,4.9449,5.1895,4.6501,4.7426,1536451200,14468610.64
105,5.0286,5.12,4.887,4.9449,1536537600,12480946.54
106,4.9865,5.096,4.72,5.0343,1536624000,13071963.25
107,4.945,4.988,4.75,4.9849,1536710400,10668222.16
108,5.38,5.5555,4.923,4.9468,1536796800,15282999.29
109,5.2196,5.536,5.1293,5.3844,1536883200,12062133.24
110,5.3401,5.52,5.21,5.2195,1536969600,10294566.5
111,5.409,5.49,5.1975,5.3399,1537056000,10006590.53
112,4.8398,5.4831,4.6745,5.4069,1537142400,14189706.28
113,5.0565,5.268,4.7719,4.8431,1537228800,11968752.83
114,5.2369,5.3451,4.91,5.0507,1537315200,11557489.81
115,5.7432,5.8582,5.1813,5.2381,1537401600,12196969.94
116,6.1901,6.2732,5.6,5.7432,1537488000,13964071.13
117,5.9481,6.3,5.7611,6.1859,1537574400,6891666.21
118,6.0263,6.1555,5.8104,5.9429,1537660800,7827471.98
119,5.6679,6.0405,5.5882,6.0265,1537747200,6324359.4
120,5.4194,5.6755,5.01,5.6752,1537833600,13107074.59
121,5.55,5.77,5.2301,5.4216,1537920000,13589930.21
122,5.8253,5.9632,5.3464,5.5518,1538006400,13301558.47
123,5.7562,6.0242,5.6581,5.8253,1538092800,13991389.18
124,5.7439,5.8543,5.4521,5.7562,1538179200,11890491.74
125,5.7257,5.916,5.3587,5.7452,1538265600,14404746.48
126,5.7376,5.85,5.5155,5.7259,1538352000,9502063.72
127,5.6163,5.79,5.5344,5.7331,1538438400,11317245.16
128,5.6153,5.689,5.4431,5.6096,1538524800,12220807.4
129,5.8008,5.91,5.6026,5.6153,1538611200,13111708.54
130,5.82,5.9,5.6502,5.8017,1538697600,13095178.01
131,5.73,5.853,5.6666,5.8217,1538784000,14095923.21
132,5.763,5.8,5.6239,5.73,1538870400,13803783.81
133,5.9369,6.0298,5.723,5.7585,1538956800,14268017.55
134,5.9214,5.9817,5.84,5.9369,1539043200,11960473.4
135,5.9197,5.9648,5.81,5.9237,1539129600,12939478.14
136,5.0965,5.9237,5.02,5.9197,1539216000,8380207.78
137,5.199,5.3279,5.0151,5.0965,1539302400,8327490.77
138,5.2948,5.345,5.17,5.1988,1539388800,7431030.63
139,5.2149,5.3439,5.1638,5.3022,1539475200,7676548.92
140,5.5925,6.05,5.1448,5.2105,1539561600,13959008.4
141,5.574,5.6785,5.4991,5.5924,1539648000,6878185.15
142,5.5704,5.6284,5.501,5.5754,1539734400,7355935.41
143,5.4555,5.64,5.35,5.5716,1539820800,7523742.22
144,5.3979,5.485,5.366,5.4555,1539907200,5710435.93
145,5.4534,5.5114,5.3784,5.3921,1539993600,7225211.7
146,5.5125,5.6438,5.4517,5.4559,1540080000,7763496.2
147,5.4704,5.5556,5.44,5.5108,1540166400,4444993.85
148,5.4847,5.5287,5.4077,5.4704,1540252800,1959410.87
149,5.4388,5.52,5.4264,5.4846,1540339200,1569284.58
150,5.4276,5.4678,5.401,5.439,1540425600,1125763.24
151,5.441,5.5063,5.381,5.4279,1540512000,2410054.7
152,5.4192,5.48,5.4,5.4444,1540598400,2659755.4
153,5.4342,5.4639,5.411,5.4191,1540684800,2339153.77
154,5.1563,5.4465,5.0633,5.4343,1540771200,2598869.65
155,5.1451,5.1891,5.11,5.1533,1540857600,1440371.01
0,5.1451,5.1891,5.11,5.1533,1540857600,1440371.01
1,5.2537,5.3175,5.085,5.1422,1540944000,1888942.3
2,5.2827,5.31,5.2291,5.2538,1541030400,1496824.25
3,5.3979,5.4187,5.2854,5.2877,1541116800,1707731.11
4,5.3298,5.405,5.2951,5.3965,1541203200,1351375.85
5,5.5442,5.6153,5.3,5.3276,1541289600,2438189.48
6,5.5051,5.5665,5.4249,5.5443,1541376000,1923200.63
7,5.7781,5.7857,5.491,5.5037,1541462400,2604667.12
8,5.6817,5.84,5.613,5.7809,1541548800,2532908.51
9,5.5246,5.7084,5.505,5.6811,1541635200,2011772.29
10,5.4046,5.5769,5.37,5.523,1541721600,1533390.85
11,5.4279,5.4682,5.3709,5.405,1541808000,749495.23
12,5.4886,5.5198,5.272,5.4278,1541894400,903405.63
13,5.4549,5.527,5.3759,5.4822,1541980800,920877.2
14,5.2976,5.4766,5.156,5.4557,1542067200,1693556.46
15,4.7745,5.3195,4.4595,5.2976,1542153600,6025781.04
16,4.771,4.8141,4.269,4.7738,1542240000,5673654.42
17,4.6027,4.8145,4.5001,4.771,1542326400,2531681.96
18,4.6311,4.651,4.5246,4.6011,1542412800,1607138.12
19,4.6425,4.7173,4.5678,4.6303,1542499200,1450146.07
20,4.13,4.6501,4.015,4.6497,1542585600,6704588.55
21,3.8087,4.258,3.402,4.1299,1542672000,11622620.92
22,3.8568,3.98,3.6234,3.8092,1542758400,6244159.05
23,3.5232,3.916,3.5063,3.8594,1542844800,4326526.21
24,3.6588,3.7392,3.403,3.5305,1542931200,7435123.4
25,3.3063,3.75,3.2,3.6588,1543017600,6796709.46
26,3.405,3.5162,3.04,3.3057,1543104000,12105935.03
27,3.2512,3.4728,3.1204,3.405,1543190400,9249797.24
28,3.0394,3.2564,2.87,3.2531,1543276800,7076036.35
29,3.274,3.3623,3.0408,3.0427,1543363200,6373770.73
30,3.0255,3.3,2.9,3.2753,1543449600,8012933.87
31,2.8921,3.0708,2.7988,3.0243,1543536000,6395295.43
32,2.9404,3.0244,2.824,2.8904,1543622400,3522585.91
33,2.8605,3.015,2.8051,2.9379,1543708800,2898250.12
34,2.5891,2.89,2.5252,2.8628,1543795200,4760372.19
35,2.4503,2.6279,2.3046,2.5912,1543881600,8192843.31
36,2.1895,2.4671,2.1628,2.4493,1543968000,9720596.1
37,1.8438,2.2679,1.8328,2.1901,1544054400,13003062.31
38,1.7271,1.8674,1.528,1.8446,1544140800,18209498.54
39,1.8056,1.9448,1.6124,1.7286,1544227200,16478683.08
40,1.9855,2.1108,1.7216,1.8058,1544313600,15413728.28
41,1.9049,2.058,1.86,1.9869,1544400000,14127134.18
42,1.8318,1.928,1.757,1.9048,1544486400,10371380.29
43,1.9546,2.0289,1.8019,1.8322,1544572800,9502179.87
44,1.8437,1.9785,1.8133,1.9547,1544659200,11501688.07
45,1.818,1.8836,1.7548,1.8441,1544745600,9779462.5
46,1.8855,1.92,1.783,1.8179,1544832000,7634933.36
47,1.904,1.9738,1.8733,1.8839,1544918400,6663434.89
48,2.3684,2.4757,1.8973,1.9036,1545004800,21778917.43
49,2.6149,2.6907,2.34,2.3696,1545091200,26093249.64
50,2.4323,2.782,2.42,2.615,1545177600,21118523.12
51,2.6902,2.7561,2.403,2.4318,1545264000,17133735.41
52,2.5815,2.8,2.4724,2.6903,1545350400,14400752.61
53,2.5755,2.6165,2.453,2.5815,1545436800,7684214.28
54,2.7774,2.9346,2.5534,2.5771,1545523200,12875451.75
55,2.7407,3.0842,2.7201,2.7775,1545609600,16866538.25
56,2.48,2.7445,2.3725,2.7407,1545696000,15615090.51
57,2.5469,2.65,2.4346,2.4816,1545782400,12207452.34
58,2.2656,2.574,2.2284,2.545,1545868800,11267218.09
59,2.5994,2.6591,2.2137,2.264,1545955200,12546394.72
60,2.5523,2.739,2.5157,2.6011,1546041600,10073149.95
61,2.6349,2.6588,2.4501,2.549,1546128000,8126555.41
62,2.5326,2.6431,2.4323,2.634,1546214400,8487571.3
63,2.6184,2.6345,2.4883,2.5345,1546300800,5425315.83
64,2.8197,2.8617,2.5877,2.6185,1546387200,7781422.0
65,2.6379,2.822,2.5709,2.8186,1546473600,7580722.29
66,2.6744,2.7271,2.544,2.6361,1546560000,6887348.65
67,2.651,2.7435,2.6301,2.6749,1546646400,5805230.91
68,2.8092,2.8626,2.6,2.6518,1546732800,7195395.47
69,2.7336,2.8304,2.6821,2.8104,1546819200,7269951.57
70,2.743,2.8349,2.6809,2.733,1546905600,6452192.39
71,2.86,2.92,2.7261,2.7433,1546992000,7243272.67
72,2.3691,2.9474,2.274,2.8624,1547078400,15447628.34
73,2.3627,2.4156,2.2801,2.3692,1547164800,9119469.05
74,2.3768,2.4178,2.3411,2.3614,1547251200,5316331.97
75,2.2092,2.3899,2.1762,2.3766,1547337600,5711834.54
76,2.4256,2.4599,2.2044,2.2095,1547424000,6215914.95
77,2.3496,2.4461,2.3037,2.426,1547510400,6820880.36
78,2.4027,2.436,2.3313,2.3475,1547596800,5392886.82
79,2.4718,2.496,2.3262,2.4035,1547683200,6827598.9
80,2.4296,2.4848,2.38,2.4729,1547769600,5451727.31
81,2.444,2.5085,2.409,2.4296,1547856000,4397104.68
82,2.3266,2.47,2.2484,2.4432,1547942400,6718840.17
83,2.3223,2.4027,2.293,2.3279,1548028800,4909058.38
84,2.4276,2.4948,2.2583,2.3226,1548115200,6368766.91
85,2.4188,2.462,2.3851,2.4275,1548201600,4011152.74
86,2.4343,2.4509,2.3849,2.4188,1548288000,3593242.18
87,2.4285,2.4626,2.4016,2.4344,1548374400,3241042.53
88,2.4065,2.4745,2.3976,2.4278,1548460800,2440321.11
89,2.3522,2.438,2.31,2.4048,1548547200,3924251.55
90,2.2267,2.3614,2.15,2.3521,1548633600,5569150.25
91,2.2561,2.307,2.1791,2.2266,1548720000,3335084.4
92,2.3262,2.3453,2.2233,2.2562,1548806400,2763718.76
93,2.3089,2.3641,2.2769,2.3267,1548892800,3052511.71
94,2.3263,2.3547,2.276,2.31,1548979200,2678028.02
95,2.4389,2.455,2.314,2.3258,1549065600,2561851.19
96,2.3707,2.4469,2.34,2.4389,1549152000,3256628.04
97,2.3973,2.4359,2.3454,2.3701,1549238400,2674770.63
98,2.3914,2.4071,2.3501,2.3973,1549324800,1969941.32
99,2.3426,2.3979,2.3,2.3914,1549411200,3428527.0
100,2.3415,2.44,2.3224,2.3427,1549497600,1765620.33
101,2.7219,2.806,2.3248,2.3407,1549584000,9123081.23
102,2.7718,2.831,2.6742,2.7213,1549670400,6111348.73
103,2.8393,2.86,2.6484,2.7707,1549756800,6446491.03
104,2.75,2.8478,2.6826,2.8401,1549843200,5768338.97
105,2.9465,3.0171,2.7089,2.7493,1549929600,7730088.3
106,2.8564,2.9973,2.8027,2.9475,1550016000,6485268.12
107,2.7427,2.8894,2.7101,2.8565,1550102400,4507205.73
108,2.7928,2.8697,2.7391,2.7428,1550188800,4622600.86
109,2.7873,2.8932,2.7755,2.7931,1550275200,3196504.29
110,2.8762,2.9163,2.7775,2.7859,1550361600,5431277.9
111,3.4764,3.49,2.8601,2.8762,1550448000,17539014.8
112,3.5224,3.799,3.46,3.4763,1550534400,21074867.08
113,3.9076,3.945,3.4554,3.5215,1550620800,17147702.58
114,3.8035,3.9287,3.6345,3.9095,1550707200,11037523.05
115,3.8411,3.909,3.73,3.8035,1550793600,10110935.88
116,4.245,4.3139,3.7799,3.8459,1550880000,8765378.72
117,3.5289,4.4416,3.4,4.2434,1550966400,19522125.21
118,3.5461,3.713,3.2658,3.5327,1551052800,15538358.94
119,3.4318,3.5582,3.3001,3.5431,1551139200,9333008.35
120,3.5021,3.5545,3.32,3.4324,1551225600,7547003.71
121,3.4971,3.6439,3.436,3.5026,1551312000,7021064.46
122,3.4673,3.6835,3.4064,3.4977,1551398400,8074950.46
123,3.4753,3.5313,3.422,3.4668,1551484800,5610936.02
124,3.5158,3.5949,3.4742,3.4767,1551571200,4412889.19
125,3.2321,3.5415,3.1,3.5159,1551657600,10886454.08
126,3.7481,3.7988,3.202,3.2329,1551744000,15869796.96
127,3.7329,3.8877,3.577,3.7494,1551830400,12303713.42
128,3.7571,3.9,3.6841,3.7329,1551916800,10071541.78
129,3.5897,3.8,3.4835,3.757,1552003200,10750051.28
130,3.7544,3.8192,3.5758,3.5899,1552089600,8648421.92
131,3.6935,3.7599,3.6455,3.7544,1552176000,4325239.12
132,3.5638,3.7284,3.491,3.6948,1552262400,8446929.04
133,3.6416,3.6912,3.5101,3.5636,1552348800,5259530.76
134,3.5632,3.652,3.4688,3.6434,1552435200,5561050.11
135,3.5786,3.649,3.4821,3.5632,1552521600,5786220.56
136,3.6865,3.7228,3.567,3.5786,1552608000,6815599.64
137,3.7991,3.8475,3.677,3.6861,1552694400,8969648.79
138,3.7376,3.803,3.7155,3.7974,1552780800,3745249.4
139,3.7066,3.7954,3.6761,3.7366,1552867200,5746385.4
140,3.7266,3.7443,3.6722,3.706,1552953600,4635389.85
141,3.71,3.7377,3.531,3.7266,1553040000,6793232.09
142,3.6185,3.72,3.4912,3.71,1553126400,5755727.13
143,3.6176,3.6537,3.5671,3.6192,1553212800,3671989.04
144,3.6647,3.7067,3.5985,3.6137,1553299200,4302369.88
145,3.6314,3.6643,3.5822,3.6643,1553385600,3919667.95
146,3.65,3.6757,3.5714,3.6314,1553472000,6356654.2
147,3.7439,3.769,3.5914,3.65,1553558400,6076446.86
148,4.2539,4.343,3.716,3.7439,1553644800,17230440.01
149,4.2442,4.3198,4.1657,4.2556,1553731200,7697251.93
150,4.302,4.406,4.2088,4.244,1553817600,7848828.29
151,4.1502,4.3232,3.9869,4.3023,1553904000,7223240.88
152,4.1893,4.2557,4.0788,4.1502,1553990400,4909980.94
153,4.2043,4.2536,4.1382,4.1895,1554076800,5752360.2
154,5.0232,5.0889,4.1541,4.2042,1554163200,17527784.39
155,5.2089,5.911,4.7111,5.022,1554249600,24710380.98
156,5.065,5.3246,4.8345,5.2089,1554336000,13444751.37
157,5.3097,5.371,5.0671,5.0671,1554422400,8065667.52
158,5.3288,5.6803,5.0701,5.3118,1554508800,9351227.61
159,5.4207,5.495,5.2415,5.3275,1554595200,7355425.71
160,5.5003,5.6654,5.1977,5.4174,1554681600,11160092.22
161,5.5231,5.6223,5.2612,5.5006,1554768000,9046713.2
162,5.8417,5.973,5.5044,5.5223,1554854400,14373790.86
163,5.2778,5.8473,5.05,5.8425,1554940800,16559879.59
164,5.3313,5.44,5.0276,5.2788,1555027200,8600254.45
165,5.2857,5.398,5.1855,5.3305,1555113600,3078670.45
166,5.5422,5.57,5.2152,5.2857,1555200000,3755963.39
167,5.3234,5.6087,5.2279,5.5421,1555286400,6061124.01
168,5.49,5.5164,5.2749,5.3263,1555372800,4632515.82
169,5.4153,5.5499,5.3515,5.4871,1555459200,3704667.9
170,5.4654,5.547,5.4083,5.4183,1555545600,4362293.35
171,5.4546,5.4784,5.3356,5.4682,1555632000,2992148.97
172,5.4271,5.4996,5.365,5.4546,1555718400,2499246.17
173,5.1987,5.45,4.9071,5.4262,1555804800,6621468.94
174,5.2186,5.2879,5.0844,5.2,1555891200,4249609.21
175,5.1033,5.3698,5.07,5.2185,1555977600,4908584.23
176,4.773,5.1431,4.56,5.1006,1556064000,10048980.02
177,4.6112,4.8463,4.5226,4.7737,1556150400,7340337.9
178,4.7925,4.9736,4.526,4.6089,1556236800,8195243.18
179,4.7403,4.8362,4.6959,4.7928,1556323200,2341913.67
180,4.7438,4.7974,4.6333,4.7404,1556409600,2251382.35
181,4.5138,4.757,4.45,4.7453,1556496000,4119026.71
182,4.8159,4.85,4.5098,4.5127,1556582400,4605826.46
183,4.7617,4.8674,4.6642,4.817,1556668800,3282629.37
184,4.783,4.82,4.6221,4.7633,1556755200,3808800.03
185,5.0841,5.2099,4.7553,4.7822,1556841600,6934418.45
186,4.9472,5.1954,4.77,5.0834,1556928000,6212326.05
187,4.879,5.0162,4.8309,4.949,1557014400,3289735.46
188,4.894,4.9903,4.6367,4.8808,1557100800,5344850.46
189,4.8492,5.06,4.805,4.8935,1557187200,5194763.13
190,4.9,4.9381,4.7559,4.8484,1557273600,3239903.53
191,4.85,5.0,4.783,4.8993,1557360000,3180153.16
192,4.8134,4.9545,4.5706,4.8499,1557446400,5683603.38
193,5.4125,5.7602,4.8144,4.8144,1557532800,12663907.62
194,5.3319,5.756,5.171,5.4309,1557619200,9646294.06
195,5.5185,5.7829,5.2809,5.3331,1557705600,6279479.22
196,5.9992,6.2174,5.5001,5.5187,1557792000,11014439.83
197,6.4644,6.5464,5.95,6.0007,1557878400,6195112.33
198,6.4948,6.8995,6.2036,6.4628,1557964800,12660869.17
199,6.0353,6.5761,5.7086,6.4941,1558051200,14700468.56
200,5.8813,6.08,5.81,6.0343,1558137600,5017000.48
201,6.4581,6.582,5.8702,5.8807,1558224000,8530699.96
202,6.2144,6.4625,5.981,6.4578,1558310400,6892479.87
203,6.2589,6.36,6.0744,6.215,1558396800,4827968.92
204,5.9285,6.3413,5.7839,6.2561,1558483200,6061932.3
205,6.0157,6.1,5.7227,5.9289,1558569600,4244266.89
206,6.4064,6.5974,5.9624,6.0178,1558656000,7148160.67
207,6.3603,6.5407,6.2511,6.4066,1558742400,4550757.26
208,6.8511,6.9727,6.2001,6.3579,1558828800,6722716.09
209,7.9944,8.22,6.7941,6.8538,1558915200,16433129.5
210,8.075,8.2196,7.6148,7.9985,1559001600,12393464.9
211,7.9658,8.2535,7.51,8.0753,1559088000,8601476.01
212,7.3,8.4942,6.8678,7.9672,1559174400,19447140.11
213,8.5645,8.6903,7.1814,7.3,1559260800,17867584.79
214,7.7027,8.6389,7.437,8.5618,1559347200,18849766.98
215,7.7188,7.982,7.4588,7.7087,1559433600,11897278.17
216,6.6926,7.731,6.5884,7.7229,1559520000,15539352.35
217,6.2943,6.8907,6.02,6.6911,1559606400,18008532.69
218,6.419,6.525,6.1353,6.2961,1559692800,10145734.87
219,6.3602,6.4602,5.9251,6.4182,1559779200,8420899.77
220,6.6195,6.78,6.2902,6.3581,1559865600,7060072.68
221,6.3408,6.7,6.1849,6.6196,1559952000,4999853.42
222,6.139,6.4803,5.9505,6.3408,1560038400,6342921.01
223,6.4258,6.49,6.0351,6.1389,1560124800,6632432.91
224,6.3132,6.4799,6.1282,6.4253,1560211200,5150171.36
225,6.4217,6.46,6.2,6.3133,1560297600,5561414.58
226,6.4591,6.6296,6.31,6.4193,1560384000,6501066.84
227,6.5401,6.55,6.3373,6.4572,1560470400,4874547.29
228,6.8838,6.9456,6.5171,6.54,1560556800,5735284.85
229,6.9703,7.188,6.7811,6.8837,1560643200,7683784.05
230,7.1247,7.23,6.9442,6.9703,1560729600,6057508.13
231,6.7857,7.1499,6.6366,7.1281,1560816000,5747975.05
232,6.8543,6.9653,6.7473,6.7824,1560902400,3062443.95
233,6.8277,6.8944,6.6644,6.8574,1560988800,3830065.3
234,7.0377,7.122,6.77,6.8291,1561075200,6706235.5
235,7.5049,7.5953,6.951,7.0339,1561161600,12185410.18
236,7.2712,7.6497,7.1701,7.5069,1561248000,6323886.37
237,7.2559,7.2734,7.0368,7.2705,1561334400,4507862.77
238,7.1726,7.3083,6.9618,7.2541,1561420800,5149908.78
239,6.8096,7.4475,6.1,7.1736,1561507200,16934720.29
240,5.9663,6.8557,5.6329,6.8082,1561593600,20215677.51
241,6.2182,6.2918,5.7625,5.9742,1561680000,12172080.98
242,6.3302,6.3915,5.9566,6.2206,1561766400,7403462.75
243,5.7926,6.3966,5.6894,6.3282,1561852800,8043978.96
244,6.0488,6.0764,5.5504,5.7949,1561939200,10552912.83
245,5.8957,6.15,5.5813,6.0515,1562025600,10062396.68
246,6.0405,6.0972,5.8,5.8975,1562112000,7260751.63
247,5.7166,6.0581,5.655,6.0422,1562198400,5600735.95
248,5.7431,5.89,5.6766,5.7164,1562284800,4258687.64
249,5.7692,5.9713,5.699,5.7417,1562371200,4080213.29
250,5.9278,6.0231,5.745,5.7691,1562457600,2781359.82
251,5.9385,5.985,5.8173,5.9278,1562544000,3686162.35
252,5.8859,6.0254,5.8272,5.9392,1562630400,4985903.78
253,5.2682,5.9184,5.0317,5.8862,1562716800,13969485.37
254,4.6868,5.2698,4.3835,5.2676,1562803200,17980551.11
255,4.7867,4.8701,4.5883,4.6862,1562889600,8803293.65
256,4.7492,4.83,4.5585,4.7887,1562976000,6192644.18
257,4.1,4.7712,4.0469,4.75,1563062400,9790162.57
258,4.2931,4.4304,3.9643,4.1003,1563148800,10938591.71
259,3.6601,4.36,3.3402,4.2893,1563235200,17659083.76
260,3.827,4.1189,3.5155,3.6667,1563321600,13930817.91
261,4.1013,4.2323,3.7412,3.8312,1563408000,9895495.37
262,4.0366,4.15,3.78,4.0993,1563494400,5244507.99
263,4.2983,4.4752,3.9951,4.0399,1563580800,6169265.44
264,4.3288,4.3504,4.15,4.3007,1563667200,4392552.39
265,4.1257,4.4156,3.9467,4.3291,1563753600,4684268.8
266,4.1526,4.2775,3.9505,4.1242,1563840000,5129859.62
267,4.5874,4.6469,3.9912,4.15,1563926400,9920069.86
268,4.5663,4.7081,4.4313,4.5827,1564012800,6397651.96
269,4.6156,4.7055,4.4133,4.5664,1564099200,4483882.36
270,4.2748,4.7572,4.166,4.6101,1564185600,7565969.92
271,4.2807,4.3493,3.8877,4.2752,1564272000,4693129.83
272,4.2103,4.3963,4.1,4.2773,1564358400,4833909.63
273,4.1959,4.3,4.1225,4.2108,1564444800,3029179.81
274,4.417,4.4407,4.1862,4.1959,1564531200,2632887.92
275,4.2991,4.4472,4.1937,4.4196,1564617600,3026872.22
276,4.1801,4.3456,4.0347,4.2993,1564704000,3965253.06
277,4.2923,4.3715,4.1682,4.1818,1564790400,2687301.01
278,4.214,4.3109,4.1634,4.2922,1564876800,1959217.45
279,4.4604,4.5771,4.2142,4.2161,1564963200,4535570.48
280,4.1903,4.5,4.051,4.4611,1565049600,5237365.75
281,4.2224,4.3,4.132,4.1904,1565136000,3164784.11
282,4.17,4.2351,4.0801,4.2235,1565222400,2304702.96
283,3.9053,4.1789,3.7858,4.1689,1565308800,4202931.27
284,4.0644,4.14,3.8599,3.9072,1565395200,4280759.33
285,4.2028,4.2617,4.0605,4.0635,1565481600,3259239.13
286,4.13,4.2093,4.0655,4.2025,1565568000,1457267.02
287,4.0819,4.1421,3.96,4.13,1565654400,4007334.88
288,3.6716,4.1308,3.5714,4.0843,1565740800,6904682.73
289,3.6226,3.7296,3.5035,3.6718,1565827200,3495641.99
290,3.58,3.6687,3.4673,3.6212,1565913600,3817287.3
291,3.5627,3.6125,3.485,3.5801,1566000000,1547028.72
292,3.6925,3.7641,3.5103,3.563,1566086400,2263105.26
293,3.7179,3.8152,3.6342,3.6901,1566172800,2509738.32
294,3.675,3.7247,3.59,3.7198,1566259200,1546465.45
295,3.512,3.6832,3.3474,3.6755,1566345600,3645880.14
296,3.6349,3.7115,3.4513,3.5122,1566432000,3370938.04
297,3.6706,3.7884,3.5976,3.6356,1566518400,2905491.64
298,3.6617,3.6831,3.5398,3.6706,1566604800,1921306.47
299,3.551,3.7,3.4638,3.6607,1566691200,2557268.54
300,3.5842,3.6936,3.5393,3.5507,1566777600,2532450.37
301,3.5487,3.5947,3.4858,3.5847,1566864000,1219325.77
302,3.254,3.5609,3.1163,3.5503,1566950400,5842844.14
303,3.1994,3.268,3.05,3.2544,1567036800,3636560.57
304,3.215,3.29,3.1597,3.1996,1567123200,2313507.82
305,3.3195,3.4099,3.186,3.2138,1567209600,2188912.43
306,3.2562,3.3399,3.0882,3.3195,1567296000,2856141.8
307,3.319,3.3798,3.2101,3.2572,1567382400,2981312.68
308,3.3498,3.4626,3.2864,3.3188,1567468800,4785784.48
309,3.3041,3.3626,3.265,3.3511,1567555200,2687490.42
310,3.2664,3.3297,3.1935,3.3034,1567641600,2629192.77
311,3.2113,3.3892,3.1,3.2654,1567728000,5418898.41
312,3.5612,3.671,3.1919,3.2108,1567814400,7785102.96
313,3.78,3.8388,3.5,3.5601,1567900800,9357345.04
314,3.8761,3.9497,3.6096,3.7817,1567987200,11264977.34
315,3.7742,3.92,3.652,3.8746,1568073600,8561940.48
316,3.7523,3.8137,3.6425,3.7741,1568160000,6747120.2
317,3.7416,3.7887,3.6681,3.752,1568246400,3620854.67
318,3.7215,3.7486,3.6708,3.7411,1568332800,3687967.4
319,4.0209,4.1,3.6845,3.7216,1568419200,7865089.48
320,4.0763,4.15,4.0,4.0211,1568505600,5968283.03
321,4.0827,4.1494,3.936,4.0745,1568592000,7717813.73
322,4.0641,4.2341,4.017,4.0816,1568678400,7723520.53
323,4.0782,4.1693,4.0449,4.0615,1568764800,7001976.54
324,3.9582,4.0873,3.8053,4.0787,1568851200,8883092.96
325,4.01,4.038,3.827,3.9575,1568937600,4574181.28
326,3.999,4.0731,3.9526,4.0099,1569024000,4953569.98
327,3.8122,4.0075,3.712,3.9982,1569110400,4716951.93
328,3.6923,3.8778,3.6588,3.8122,1569196800,6158951.67
329,2.7622,3.7216,2.4212,3.6906,1569283200,38228548.58
330,2.8663,2.9827,2.6886,2.7625,1569369600,22387190.17
331,2.7812,2.8697,2.5881,2.8689,1569456000,19015915.91
332,2.8297,2.8835,2.686,2.7815,1569542400,10140083.14
333,2.8291,2.8713,2.7737,2.8296,1569628800,5051505.0
334,2.7779,2.8403,2.671,2.8289,1569715200,4952077.37
335,2.9636,3.0335,2.7183,2.7781,1569801600,8137510.21
336,2.9357,3.1213,2.8536,2.9636,1569888000,9222307.12
337,3.0008,3.0394,2.8847,2.9339,1569974400,4433582.55
338,2.927,3.0143,2.81,3.0008,1570060800,4676899.69
339,3.0018,3.0847,2.865,2.9269,1570147200,5857503.26
340,2.9875,3.0396,2.9188,3.0002,1570233600,4335884.85
341,2.9058,2.9978,2.845,2.9898,1570320000,4576544.17
342,3.1759,3.2559,2.8934,2.9067,1570406400,9853859.27
343,3.1577,3.2496,3.1056,3.1765,1570492800,4984869.86
344,3.2351,3.31,3.1096,3.1568,1570579200,8251520.04
345,3.1053,3.2453,3.0244,3.2333,1570665600,7473057.61
346,3.0594,3.2,3.027,3.1057,1570752000,8675517.97
347,3.0655,3.1464,3.0373,3.0601,1570838400,4917439.38
348,3.1027,3.1372,3.0389,3.0645,1570924800,4323540.89
349,3.1634,3.2,3.0903,3.1017,1571011200,5222661.53
350,2.9619,3.1707,2.8058,3.1632,1571097600,8486873.65
351,2.9241,2.985,2.845,2.962,1571184000,6030571.37
352,2.9473,2.9742,2.88,2.9234,1571270400,3979587.96
353,2.8782,2.9525,2.7,2.9476,1571356800,7459593.53
354,2.8678,2.926,2.8289,2.879,1571443200,4462418.53
355,2.9225,2.9417,2.8134,2.8685,1571529600,4299828.88
356,2.9185,2.974,2.8591,2.9225,1571616000,4164497.05
357,2.892,3.0269,2.85,2.9199,1571702400,6721532.73
358,2.7158,2.9085,2.533,2.8918,1571788800,12615241.25
359,2.7217,2.7806,2.6486,2.7156,1571875200,6387068.19
360,3.1771,3.3323,2.716,2.7216,1571961600,20518259.45
361,3.1339,3.55,2.985,3.1776,1572048000,26618243.21
362,3.3281,3.4898,3.0663,3.1338,1572134400,18393829.15
363,3.2822,3.5469,3.2449,3.3288,1572220800,15629480.04
364,3.4022,3.46,3.2734,3.2818,1572307200,9541450.73
365,3.2672,3.4215,3.1814,3.4028,1572393600,8279459.56
366,3.2531,3.3293,3.1552,3.2677,1572480000,7081695.84
367,3.3419,3.39,3.1994,3.2545,1572566400,6616219.42
368,3.3221,3.3781,3.2917,3.342,1572652800,4116286.28
369,3.2702,3.3402,3.1827,3.3222,1572739200,3601852.87
370,3.438,3.4984,3.2377,3.2707,1572825600,9847237.14
371,3.618,3.6886,3.4031,3.438,1572912000,11862081.71
372,3.6039,3.6771,3.5411,3.6155,1572998400,7558142.58
373,3.4661,3.6345,3.423,3.6064,1573084800,7090156.55
374,3.4114,3.5538,3.3282,3.4677,1573171200,8143795.07
375,3.488,3.5042,3.4048,3.41,1573257600,3548863.29
376,3.5828,3.67,3.4491,3.4905,1573344000,6479819.98
377,3.4372,3.5984,3.4049,3.5824,1573430400,5105031.36
378,3.4824,3.5244,3.3802,3.4377,1573516800,6593303.19
379,3.4714,3.4922,3.417,3.483,1573603200,4123933.86
380,3.3953,3.48,3.3296,3.4694,1573689600,4381838.39
381,3.3334,3.503,3.2811,3.3948,1573776000,7669539.7
382,3.3736,3.402,3.3163,3.3334,1573862400,2701799.6
383,3.3958,3.4413,3.316,3.3733,1573948800,3887655.66
384,3.181,3.4013,3.0179,3.3968,1574035200,9215243.31
385,3.12,3.1974,3.02,3.1801,1574121600,9446196.27
386,3.0805,3.155,3.049,3.1211,1574208000,6671828.73
387,2.8184,3.1199,2.7378,3.0805,1574294400,12397552.7
388,2.6127,2.8457,2.45,2.8187,1574380800,23716364.58
389,2.6755,2.7042,2.5581,2.6136,1574467200,9045674.22
390,2.4115,2.6847,2.355,2.677,1574553600,13216373.12
391,2.518,2.6177,2.3307,2.4129,1574640000,16105065.42
392,2.6113,2.6372,2.5157,2.5182,1574726400,8901454.41
393,2.6793,2.7442,2.4865,2.61,1574812800,11937329.17
394,2.6237,2.6965,2.5942,2.6786,1574899200,5777457.59
395,2.7921,2.8278,2.619,2.6235,1574985600,7619661.15
396,2.7479,2.8182,2.712,2.7921,1575072000,5427846.98
397,2.7737,2.8559,2.6572,2.7472,1575158400,7903879.51
398,2.6736,2.7926,2.64,2.772,1575244800,6764047.22
399,2.6944,2.74,2.647,2.6734,1575331200,3808248.25
400,2.6268,2.788,2.5586,2.6944,1575417600,9969311.25
401,2.6829,2.7046,2.6169,2.6263,1575504000,5983778.39
402,2.7249,2.7437,2.6573,2.6823,1575590400,4966177.0
403,2.7209,2.7555,2.7058,2.7241,1575676800,2008684.24
404,2.7401,2.7848,2.6904,2.7201,1575763200,2340671.54
405,2.657,2.7516,2.611,2.7413,1575849600,4861073.37
406,2.6009,2.6697,2.5725,2.6559,1575936000,3151205.56
407,2.5767,2.6213,2.545,2.6012,1576022400,3213979.64
408,2.5825,2.6163,2.5099,2.5772,1576108800,4791852.58
409,2.6254,2.6437,2.5682,2.5829,1576195200,3390479.45
410,2.5645,2.6304,2.5393,2.6254,1576281600,3422522.06
411,2.5631,2.5969,2.5366,2.5657,1576368000,2271841.77
412,2.3688,2.5659,2.2905,2.5624,1576454400,9489180.19
413,2.1948,2.3697,2.1428,2.3687,1576540800,11737833.23
414,2.4597,2.5289,2.1594,2.1936,1576627200,13542945.82
415,2.4507,2.5006,2.3989,2.4579,1576713600,5808065.33
416,2.4849,2.547,2.4197,2.45,1576800000,4827023.19
417,2.4421,2.4884,2.4258,2.4884,1576886400,2201093.63
418,2.5344,2.55,2.4364,2.4415,1576972800,3414918.35
419,2.5136,2.6041,2.4956,2.5353,1577059200,5384995.44
420,2.542,2.5724,2.4773,2.5137,1577145600,4725177.63
421,2.4801,2.5481,2.4422,2.542,1577232000,3252232.09
422,2.5169,2.65,2.4636,2.4803,1577318400,5192212.05
423,2.5712,2.5961,2.5062,2.5165,1577404800,3833782.79
424,2.6283,2.6681,2.5688,2.5717,1577491200,4245780.0
425,2.6859,2.7178,2.616,2.6283,1577577600,3118601.15
426,2.6263,2.7214,2.6003,2.6861,1577664000,3684736.98
427,2.5833,2.6526,2.5653,2.6271,1577750400,2756881.48
428,2.6039,2.6387,2.5763,2.5837,1577836800,1836547.86
429,2.4593,2.6098,2.4193,2.6038,1577923200,4635138.96
430,2.6396,2.6649,2.4303,2.4594,1578009600,8349336.65
431,2.6481,2.664,2.6168,2.6425,1578096000,3575786.02
432,2.6865,2.7759,2.6461,2.648,1578182400,5235082.22
433,2.8506,2.8602,2.6786,2.6845,1578268800,7959989.44
434,2.8459,2.889,2.7537,2.8506,1578355200,8735473.69
435,2.7751,2.9692,2.7093,2.846,1578441600,12411099.37
436,2.7432,2.7992,2.6925,2.7759,1578528000,5052407.98
437,2.9866,3.0054,2.65,2.7433,1578614400,10802467.81
438,2.9901,3.13,2.9351,2.9873,1578700800,7763134.27
439,3.2107,3.216,2.9335,2.9893,1578787200,7411556.8
440,3.1049,3.2106,3.0664,3.2086,1578873600,5829335.13
441,3.81,4.08,3.1036,3.1048,1578960000,24830202.41
442,3.7675,3.9499,3.57,3.81,1579046400,18024689.4
443,3.8376,3.9527,3.5243,3.7695,1579132800,14724773.27
444,3.9038,4.0786,3.7402,3.8374,1579219200,19702658.83
445,3.8049,4.0086,3.7037,3.9042,1579305600,12576001.05
446,3.6115,3.9414,3.4219,3.8062,1579392000,12239661.44
447,3.62,3.7046,3.486,3.6133,1579478400,8084930.13
448,3.6527,3.6916,3.5526,3.6177,1579564800,6046161.61
449,3.654,3.7471,3.5861,3.6544,1579651200,5798540.24
450,3.5706,3.6558,3.4936,3.6533,1579737600,7019679.24
451,3.6345,3.7039,3.3524,3.5731,1579824000,8757294.59
452,3.498,3.637,3.4921,3.6344,1579910400,5119668.04
453,3.6486,3.6666,3.4308,3.4967,1579996800,6009232.41
454,3.9647,4.0596,3.6451,3.65,1580083200,11268425.52
455,4.0412,4.1325,3.871,3.9618,1580169600,12083323.83
456,3.9674,4.1196,3.9556,4.0408,1580256000,9832312.06
457,4.3236,4.4,3.8907,3.9666,1580342400,13114919.09
458,4.1444,4.372,4.0222,4.3258,1580428800,11211276.99
459,4.1531,4.2649,4.0662,4.1462,1580515200,7180598.14
460,4.2145,4.3359,4.0435,4.1546,1580601600,8252622.28
461,4.2027,4.3756,4.1377,4.2146,1580688000,8039733.68
462,4.2306,4.2708,4.0619,4.202,1580774400,6737639.29
463,4.5284,4.5899,4.1758,4.2307,1580860800,9824719.86
464,4.6038,4.6755,4.4349,4.5282,1580947200,9275897.45
465,4.5898,4.7046,4.5148,4.6001,1581033600,6853685.43
466,4.762,4.85,4.43,4.5898,1581120000,8079917.08
